EventName,GPSTime,FAR,Significant,GDB_GlitchScore,GDB_BNSScore,GDB_NSBHScore,GDB_BBHScore,GDB_Class
S230518h,1368449966.2,0.01,True,10.0,0.0,86.0,4.0,NS
S230520ae,1368658140.6,0.097,True,0.0,0.0,0.0,100.0,BBH
S230521k,1368682261.1,76.351,False,60.0,25.0,14.0,0.0,Glitch
S230522a,1368783503.1,0.326,True,0.0,0.0,0.0,100.0,BBH
S230522n,1368804651.4,0.204,True,1.0,0.0,0.0,99.0,BBH
S230524b,1368944018.2,26.038,False,27.0,0.0,0.0,73.0,BBH
S230524x,1368994979.8,2.279,True,25.0,75.0,0.0,0.0,NS
S230525a,1369017515.9,23.698,False,28.0,0.0,0.0,72.0,BBH
S230527bv,1369243547.8,6.534,False,12.0,0.0,0.0,88.0,BBH
S230528a,1369276052.8,9.584,False,36.0,20.0,44.0,0.0,NS
S230528bt,1369320707.7,9.059,False,12.0,0.0,0.0,88.0,BBH
S230529p,1369391282.7,19.831,False,97.0,0.0,2.0,0.0,Glitch
S230529ay,1369419318.7,0.006,True,7.0,31.0,62.0,0.0,NS
S230601bf,1369694512.1,0.0,True,0.0,0.0,0.0,100.0,BBH
S230603aa,1369812903.1,36.415,False,97.0,0.0,3.0,1.0,Glitch
S230604z,1369905649.3,8.495,False,25.0,0.0,4.0,71.0,BBH
S230605o,1369983241.5,0.143,True,1.0,0.0,0.0,99.0,BBH
S230606d,1370047403.8,0.36,True,0.0,0.0,0.0,100.0,BBH
S230606z,1370069618.1,13.104,False,17.0,0.0,0.0,83.0,BBH
S230608q,1370251343.9,49.892,False,99.0,0.0,1.0,0.0,Glitch
S230608aa,1370282696.9,21.689,False,96.0,0.0,3.0,1.0,Glitch
S230608ah,1370286400.6,15.508,False,98.0,2.0,0.0,0.0,Glitch
S230608as,1370292665.2,0.004,True,0.0,0.0,0.0,100.0,BBH
S230609a,1370308122.4,2.52,False,4.0,0.0,0.0,96.0,BBH
S230609u,1370328616.3,0.317,True,4.0,0.0,0.0,96.0,BBH
S230611l,1370499691.8,68.035,False,98.0,0.0,1.0,1.0,Glitch
S230611be,1370552081.8,87.32,False,57.0,0.0,0.0,43.0,Glitch
S230614t,1370787400.8,557.97,False,91.0,0.0,6.0,4.0,Glitch
S230614ac,1370793489.7,704.912,False,93.0,0.0,1.0,6.0,Glitch
S230615i,1370849230.5,412.006,False,78.0,2.0,20.0,0.0,Glitch
S230615k,1370849849.1,207.97,False,91.0,0.0,6.0,3.0,Glitch
S230615t,1370859707.2,291.32,False,82.0,0.0,0.0,18.0,Glitch
S230615af,1370868868.4,169.408,False,99.0,1.0,0.0,0.0,Glitch
S230615ak,1370870741.7,152.974,False,92.0,0.0,3.0,5.0,Glitch
S230615an,1370871340.2,559.105,False,100.0,0.0,0.0,0.0,Glitch
S230615av,1370880524.0,4.564,False,9.0,0.0,0.0,91.0,BBH
S230615az,1370886626.7,4.705,False,15.0,85.0,0.0,0.0,NS
S230616aa,1370957871.2,724.136,False,100.0,0.0,0.0,0.0,Glitch
S230617ab,1371034268.6,365.668,False,100.0,0.0,0.0,0.0,Glitch
S230617aj,1371039807.6,435.448,False,89.0,0.0,0.0,11.0,Glitch
S230617aq,1371053889.1,191.187,False,99.0,0.0,0.0,0.0,Glitch
S230617ba,1371075368.0,184.62,False,87.0,0.0,2.0,11.0,Glitch
S230617bc,1371075385.1,55.437,False,66.0,27.0,7.0,0.0,Glitch
S230618d,1371091367.4,591.108,False,100.0,0.0,0.0,0.0,Glitch
S230618k,1371099485.8,235.081,False,78.0,0.0,0.0,22.0,Glitch
S230618r,1371114465.9,490.378,False,97.0,0.0,0.0,3.0,Glitch
S230618y,1371119168.0,464.768,False,87.0,0.0,0.0,13.0,Glitch
S230618ae,1371122628.2,299.104,False,100.0,0.0,0.0,0.0,Glitch
S230618at,1371146280.6,266.635,False,100.0,0.0,0.0,0.0,Glitch
S230618az,1371150557.3,449.11,False,100.0,0.0,0.0,0.0,Glitch
S230618ba,1371151823.7,81.11,False,57.0,0.0,29.0,14.0,Glitch
S230619i,1371180799.8,130.675,False,99.0,1.0,0.0,0.0,Glitch
S230619aa,1371190244.3,248.509,False,62.0,36.0,2.0,0.0,Glitch
S230619ap,1371210555.4,156.135,False,91.0,0.0,0.0,9.0,Glitch
S230619ay,1371236089.9,627.777,False,90.0,0.0,6.0,4.0,Glitch
S230619bd,1371237924.4,608.981,False,81.0,18.0,0.0,0.0,Glitch
S230619bg,1371253285.1,559.89,False,97.0,0.0,0.0,3.0,Glitch
S230620ad,1371268272.2,197.304,False,86.0,0.0,12.0,2.0,Glitch
S230620au,1371297488.1,139.664,False,67.0,0.0,0.0,33.0,Glitch
S230621n,1371354535.1,124.96,False,99.0,0.0,0.0,0.0,Glitch
S230621ap,1371375702.9,497.787,False,90.0,10.0,0.0,0.0,Glitch
S230621bn,1371425726.3,434.02,False,100.0,0.0,0.0,0.0,Glitch
S230622i,1371437158.0,447.758,False,89.0,0.0,9.0,2.0,Glitch
S230622u,1371449681.8,462.108,False,100.0,0.0,0.0,0.0,Glitch
S230622ah,1371459523.2,104.65,False,99.0,1.0,0.0,0.0,Glitch
S230622ba,1371479754.7,1.634,True,13.0,0.0,0.0,87.0,BBH
S230622bb,1371480279.5,77.941,False,83.0,0.0,0.0,17.0,Glitch
S230622be,1371484860.1,661.665,False,93.0,0.0,0.0,7.0,Glitch
S230622bk,1371487623.4,523.55,False,97.0,0.0,0.0,3.0,Glitch
S230622bn,1371488533.5,131.208,False,83.0,0.0,0.0,17.0,Glitch
S230622br,1371505014.6,101.952,False,54.0,0.0,36.0,10.0,Glitch
S230623m,1371529621.1,269.093,False,91.0,0.0,2.0,7.0,Glitch
S230623ad,1371568895.5,80.095,False,51.0,49.0,0.0,0.0,Glitch
S230623ah,1371570167.2,26.444,False,63.0,0.0,0.0,37.0,Glitch
S230623as,1371575903.4,137.249,False,99.0,0.0,0.0,1.0,Glitch
S230623at,1371575907.3,6.172,False,29.0,0.0,0.0,71.0,BBH
S230623au,1371576506.0,634.213,False,98.0,0.0,1.0,2.0,Glitch
S230624a,1371602141.5,524.908,False,100.0,0.0,0.0,0.0,Glitch
S230624s,1371617585.8,593.433,False,88.0,0.0,12.0,1.0,Glitch
S230624ae,1371626960.7,93.434,False,61.0,0.0,0.0,39.0,Glitch
S230624av,1371641481.8,0.41,True,5.0,0.0,0.0,95.0,BBH
S230624bd,1371647762.0,173.124,False,99.0,1.0,0.0,0.0,Glitch
S230624bv,1371666014.2,146.72,False,100.0,0.0,0.0,0.0,Glitch
S230624ce,1371678602.5,401.63,False,87.0,0.0,0.0,13.0,Glitch
S230624ch,1371680023.5,642.245,False,100.0,0.0,0.0,0.0,Glitch
S230625h,1371705959.9,238.402,False,100.0,0.0,0.0,0.0,Glitch
S230625o,1371709553.5,396.58,False,100.0,0.0,0.0,0.0,Glitch
S230625y,1371729590.7,716.955,False,88.0,5.0,6.0,0.0,Glitch
S230625au,1371750832.0,627.42,False,100.0,0.0,0.0,0.0,Glitch
S230625ay,1371752237.6,480.51,False,100.0,0.0,0.0,0.0,Glitch
S230625bk,1371760436.5,531.112,False,100.0,0.0,0.0,0.0,Glitch
S230625bl,1371762973.7,451.729,False,96.0,0.0,0.0,4.0,Glitch
S230625bm,1371763033.0,71.36,False,52.0,0.0,0.0,48.0,Glitch
S230626c,1371774790.8,698.433,False,93.0,0.0,0.0,7.0,Glitch
S230626t,1371790986.5,580.326,False,95.0,3.0,2.0,0.0,Glitch
S230626at,1371812221.3,689.263,False,92.0,8.0,0.0,0.0,Glitch
S230626bq,1371840430.1,632.106,False,95.0,0.0,3.0,2.0,Glitch
S230627c,1371866035.8,0.01,True,3.0,0.0,49.0,48.0,NS
S230627v,1371879765.4,340.028,False,83.0,17.0,0.0,0.0,Glitch
S230627ax,1371901316.5,195.788,False,74.0,0.0,0.0,26.0,Glitch
S230627ay,1371902959.6,213.708,False,75.0,0.0,22.0,3.0,Glitch
S230627bc,1371906116.9,722.479,False,100.0,0.0,0.0,0.0,Glitch
S230627bj,1371944738.8,245.751,False,84.0,0.0,12.0,4.0,Glitch
S230628e,1371963533.4,573.128,False,90.0,3.0,8.0,0.0,Glitch
S230628ac,1371996190.3,504.981,False,95.0,0.0,4.0,1.0,Glitch
S230628aj,1372005762.8,6.628,False,31.0,0.0,0.0,69.0,BBH
S230628ax,1372029138.4,0.01,True,0.0,0.0,0.0,100.0,BBH
S230629e,1372035631.9,589.626,False,100.0,0.0,0.0,0.0,Glitch
S230629h,1372036244.7,415.041,False,86.0,0.0,0.0,14.0,Glitch
S230629p,1372052198.4,531.77,False,97.0,0.0,0.0,3.0,Glitch
S230629q,1372052982.1,217.786,False,65.0,0.0,0.0,35.0,Glitch
S230629y,1372057759.2,82.079,False,68.0,0.0,23.0,9.0,Glitch
S230629ah,1372068996.1,726.28,False,92.0,0.0,7.0,1.0,Glitch
S230630n,1372138993.3,528.165,False,92.0,8.0,0.0,0.0,Glitch
S230630q,1372141816.7,702.507,False,92.0,0.0,7.0,2.0,Glitch
S230630ab,1372153605.2,74.587,False,55.0,0.0,0.0,45.0,Glitch
S230630am,1372165104.9,0.761,True,2.0,0.0,0.0,98.0,BBH
S230630bd,1372185935.8,307.186,False,100.0,0.0,0.0,0.0,Glitch
S230630bq,1372203950.4,0.244,True,3.0,0.0,0.0,97.0,BBH
S230701k,1372218498.5,536.102,False,96.0,0.0,4.0,0.0,Glitch
S230701w,1372226327.6,342.652,False,100.0,0.0,0.0,0.0,Glitch
S230701z,1372228632.6,509.796,False,86.0,0.0,12.0,2.0,Glitch
S230701ac,1372230298.2,649.263,False,93.0,0.0,6.0,2.0,Glitch
S230702ab,1372323811.5,529.244,False,100.0,0.0,0.0,0.0,Glitch
S230702an,1372359311.7,0.0,True,0.0,0.0,0.0,100.0,BBH
S230702aq,1372360343.4,595.528,False,97.0,0.0,0.0,3.0,Glitch
S230702as,1372360522.9,239.568,False,78.0,0.0,0.0,22.0,Glitch
S230703g,1372398189.0,621.815,False,100.0,0.0,0.0,0.0,Glitch
S230703p,1372409336.9,403.958,False,93.0,0.0,3.0,4.0,Glitch
S230703ad,1372419689.1,170.032,False,71.0,0.0,0.0,29.0,Glitch
S230703aq,1372433087.4,596.15,False,86.0,14.0,0.0,0.0,Glitch
S230704f,1372471949.2,0.089,True,0.0,0.0,0.0,100.0,BBH
S230704y,1372493312.8,245.767,False,78.0,0.0,0.0,22.0,Glitch
S230704ah,1372510012.3,666.812,False,100.0,0.0,0.0,0.0,Glitch
S230704at,1372521288.4,584.27,False,94.0,6.0,0.0,0.0,Glitch
S230704bd,1372541194.8,18.725,False,24.0,0.0,0.0,76.0,BBH
S230704bf,1372543079.9,312.922,False,88.0,12.0,0.0,0.0,Glitch
S230705ab,1372578286.3,389.215,False,91.0,0.0,7.0,2.0,Glitch
S230705aw,1372590563.5,140.971,False,69.0,0.0,4.0,27.0,Glitch
S230705bd,1372597124.9,528.201,False,81.0,19.0,0.0,0.0,Glitch
S230705bm,1372603144.9,683.521,False,95.0,0.0,4.0,1.0,Glitch
S230705bx,1372614764.9,293.739,False,100.0,0.0,0.0,0.0,Glitch
S230706ac,1372671705.5,497.587,False,79.0,0.0,0.0,21.0,Glitch
S230706ah,1372675431.2,1.344,True,3.0,0.0,0.0,97.0,BBH
S230706al,1372678749.8,61.138,False,73.0,7.0,20.0,0.0,Glitch
S230706an,1372680427.6,627.23,False,100.0,0.0,0.0,0.0,Glitch
S230706bv,1372714845.5,671.481,False,86.0,10.0,4.0,0.0,Glitch
S230707v,1372755128.4,36.775,False,97.0,3.0,0.0,0.0,Glitch
S230707ab,1372760750.6,307.676,False,94.0,0.0,2.0,4.0,Glitch
S230707ai,1372768865.3,0.434,True,5.0,0.0,0.0,95.0,BBH
S230707bh,1372789066.7,195.978,False,70.0,0.0,0.0,30.0,Glitch
S230707bs,1372798051.3,683.987,False,92.0,0.0,1.0,6.0,Glitch
S230708n,1372824332.0,510.21,False,93.0,7.0,0.0,0.0,Glitch
S230708p,1372826077.0,197.631,False,100.0,0.0,0.0,0.0,Glitch
S230708t,1372829843.1,1.366,True,3.0,0.0,0.0,97.0,BBH
S230708y,1372835183.7,317.554,False,82.0,18.0,0.0,0.0,Glitch
S230708z,1372835957.4,2.216,True,5.0,0.0,0.0,95.0,BBH
S230708ah,1372848002.0,718.791,False,87.0,0.0,4.0,9.0,Glitch
S230708ar,1372854987.2,623.268,False,97.0,0.0,0.0,3.0,Glitch
S230708as,1372858820.0,687.003,False,100.0,0.0,0.0,0.0,Glitch
S230708ay,1372861482.5,694.982,False,86.0,14.0,0.0,0.0,Glitch
S230708bc,1372865056.7,525.887,False,100.0,0.0,0.0,0.0,Glitch
S230708bf,1372866700.1,314.084,False,88.0,10.0,1.0,0.0,Glitch
S230708bi,1372871875.2,0.035,True,0.0,0.0,0.0,100.0,BBH
S230708bm,1372875472.2,596.924,False,90.0,0.0,0.0,10.0,Glitch
S230708bn,1372876412.4,378.538,False,100.0,0.0,0.0,0.0,Glitch
S230708br,1372878030.3,126.54,False,66.0,0.0,0.0,34.0,Glitch
S230708bv,1372879229.3,167.096,False,66.0,0.0,29.0,5.0,Glitch
S230708cf,1372892993.5,0.489,True,1.0,0.0,0.0,99.0,BBH
S230709m,1372909380.2,703.517,False,100.0,0.0,0.0,0.0,Glitch
S230709n,1372909722.7,650.729,False,79.0,0.0,2.0,18.0,Glitch
S230709ac,1372919703.1,365.462,False,96.0,0.0,0.0,4.0,Glitch
S230709aq,1372926410.7,127.9,False,68.0,0.0,16.0,16.0,Glitch
S230709bi,1372940865.2,0.097,True,0.0,0.0,0.0,100.0,BBH
S230709bj,1372941509.7,358.336,False,64.0,0.0,22.0,13.0,Glitch
S230710h,1373023965.2,597.905,False,91.0,9.0,0.0,0.0,Glitch
S230710v,1373036662.2,407.237,False,90.0,9.0,1.0,0.0,Glitch
S230710ap,1373055476.5,324.519,False,100.0,0.0,0.0,0.0,Glitch
S230710aq,1373055600.9,613.541,False,91.0,0.0,3.0,6.0,Glitch
S230710ar,1373056166.8,605.325,False,97.0,0.0,0.0,3.0,Glitch
S230711b,1373076443.1,15.17,False,21.0,0.0,0.0,79.0,BBH
S230711j,1373083782.0,664.804,False,77.0,17.0,5.0,0.0,Glitch
S230711ae,1373099018.0,165.922,False,73.0,0.0,0.0,27.0,Glitch
S230711aj,1373101603.5,375.092,False,82.0,17.0,1.0,0.0,Glitch
S230711bb,1373144009.7,622.294,False,100.0,0.0,0.0,0.0,Glitch
S230712a,1373158455.7,0.0,True,0.0,0.0,0.0,100.0,BBH
S230712k,1373165216.3,54.818,False,99.0,0.0,1.0,0.0,Glitch
S230712ab,1373183745.9,545.555,False,84.0,4.0,12.0,0.0,Glitch
S230712aj,1373187863.9,638.309,False,97.0,0.0,0.0,3.0,Glitch
S230712am,1373196924.8,686.234,False,94.0,0.0,0.0,6.0,Glitch
S230712ap,1373198837.0,89.442,False,57.0,0.0,0.0,43.0,Glitch
S230712as,1373202022.7,643.591,False,97.0,0.0,0.0,3.0,Glitch
S230712at,1373202617.6,198.96,False,99.0,1.0,0.0,0.0,Glitch
S230713e,1373249244.9,709.77,False,94.0,0.0,0.0,6.0,Glitch
S230713l,1373252123.0,138.238,False,99.0,1.0,0.0,0.0,Glitch
S230713s,1373256528.0,674.823,False,86.0,0.0,13.0,0.0,Glitch
S230713x,1373260603.0,237.403,False,63.0,35.0,1.0,0.0,Glitch
S230713ab,1373262531.8,526.186,False,100.0,0.0,0.0,0.0,Glitch
S230713ae,1373263822.0,148.602,False,68.0,0.0,0.0,32.0,Glitch
S230713bd,1373298343.4,666.971,False,93.0,0.0,0.0,7.0,Glitch
S230714i,1373333221.6,89.794,False,41.0,20.0,39.0,0.0,NS
S230714aa,1373350538.2,34.567,False,97.0,0.0,2.0,1.0,Glitch
S230714bb,1373380235.4,196.127,False,99.0,0.0,0.0,0.0,Glitch
S230714bf,1373384095.4,56.004,False,78.0,0.0,0.0,22.0,Glitch
S230714bk,1373385230.0,194.184,False,99.0,1.0,0.0,0.0,Glitch
S230715f,1373423830.6,726.355,False,100.0,0.0,0.0,0.0,Glitch
S230715m,1373430976.6,705.773,False,98.0,0.0,0.0,2.0,Glitch
S230715z,1373444481.6,266.827,False,86.0,14.0,0.0,0.0,Glitch
S230715ag,1373446855.4,570.195,False,88.0,0.0,9.0,3.0,Glitch
S230715ai,1373447172.2,364.889,False,86.0,0.0,0.0,14.0,Glitch
S230715as,1373454506.6,17.66,False,98.0,0.0,2.0,0.0,Glitch
S230715ax,1373457862.0,426.412,False,100.0,0.0,0.0,0.0,Glitch
S230715bp,1373471529.9,582.469,False,91.0,0.0,0.0,9.0,Glitch
S230715bw,1373483156.0,0.247,True,0.0,0.0,91.0,9.0,NS
S230715bx,1373483160.6,127.178,False,99.0,0.0,1.0,0.0,Glitch
S230715ce,1373498402.8,539.37,False,90.0,0.0,0.0,10.0,Glitch
S230716o,1373511697.5,15.767,False,25.0,0.0,1.0,74.0,BBH
S230716ae,1373556582.0,141.044,False,66.0,0.0,0.0,34.0,Glitch
S230717ac,1373619917.0,448.392,False,91.0,0.0,1.0,7.0,Glitch
S230717am,1373624517.1,208.887,False,73.0,0.0,0.0,27.0,Glitch
S230717ar,1373628106.7,82.67,False,100.0,0.0,0.0,0.0,Glitch
S230717az,1373636072.0,109.545,False,99.0,0.0,0.0,0.0,Glitch
S230717bt,1373661787.1,712.768,False,100.0,0.0,0.0,0.0,Glitch
S230717bu,1373662929.1,665.044,False,93.0,0.0,0.0,7.0,Glitch
S230718d,1373675867.3,522.576,False,97.0,0.0,0.0,3.0,Glitch
S230718h,1373677572.0,382.364,False,100.0,0.0,0.0,0.0,Glitch
S230718x,1373693661.0,242.378,False,99.0,1.0,0.0,0.0,Glitch
S230718am,1373706472.2,222.987,False,99.0,1.0,0.0,0.0,Glitch
S230718ar,1373709240.1,76.367,False,98.0,1.0,0.0,0.0,Glitch
S230719k,1373785766.6,168.717,False,71.0,0.0,0.0,29.0,Glitch
S230719q,1373798805.6,475.32,False,100.0,0.0,0.0,0.0,Glitch
S230719bb,1373816947.3,641.088,False,94.0,0.0,0.0,6.0,Glitch
S230719bp,1373827719.3,440.407,False,96.0,0.0,0.0,4.0,Glitch
S230720a,1373847180.1,402.122,False,85.0,4.0,10.0,0.0,Glitch
S230720i,1373861107.6,289.353,False,100.0,0.0,0.0,0.0,Glitch
S230720p,1373867722.2,126.719,False,99.0,1.0,0.0,0.0,Glitch
S230720ae,1373876677.8,364.941,False,100.0,0.0,0.0,0.0,Glitch
S230720aq,1373885116.1,466.868,False,89.0,0.0,0.0,11.0,Glitch
S230721g,1373949610.2,578.848,False,100.0,0.0,0.0,0.0,Glitch
S230721p,1373954808.7,220.739,False,100.0,0.0,0.0,0.0,Glitch
S230721u,1373961220.0,231.449,False,100.0,0.0,0.0,0.0,Glitch
S230721v,1373962749.2,721.38,False,98.0,0.0,0.0,2.0,Glitch
S230721w,1373963160.5,293.326,False,95.0,0.0,0.0,5.0,Glitch
S230721x,1373964963.4,484.631,False,84.0,16.0,0.0,0.0,Glitch
S230722ac,1374044243.7,679.21,False,93.0,0.0,0.0,7.0,Glitch
S230722ao,1374056137.0,438.313,False,88.0,0.0,0.0,12.0,Glitch
S230722bv,1374095420.8,661.437,False,100.0,0.0,0.0,0.0,Glitch
S230723g,1374117731.4,626.7,False,100.0,0.0,0.0,0.0,Glitch
S230723y,1374136059.2,386.506,False,96.0,0.0,0.0,4.0,Glitch
S230723z,1374137318.4,40.682,False,49.0,0.0,0.0,51.0,BBH
S230723ac,1374142732.5,1.681,True,13.0,0.0,0.0,87.0,BBH
S230723an,1374152149.8,330.291,False,84.0,0.0,0.0,16.0,Glitch
S230723ar,1374163717.2,567.734,False,91.0,2.0,7.0,0.0,Glitch
S230723bl,1374181247.8,647.484,False,89.0,11.0,0.0,0.0,Glitch
S230724d,1374204368.3,705.958,False,94.0,0.0,0.0,6.0,Glitch
S230724j,1374213413.1,486.006,False,90.0,0.0,0.0,10.0,Glitch
S230724v,1374222305.5,664.87,False,95.0,0.0,0.0,4.0,Glitch
S230724ad,1374228599.5,383.0,False,100.0,0.0,0.0,0.0,Glitch
S230724ak,1374271392.1,604.253,False,90.0,7.0,3.0,0.0,Glitch
S230724al,1374271980.9,339.042,False,89.0,0.0,1.0,10.0,Glitch
S230725b,1374293771.1,96.408,False,99.0,0.0,1.0,0.0,Glitch
S230725d,1374294315.8,172.474,False,72.0,0.0,0.0,28.0,Glitch
S230725aa,1374317587.2,476.09,False,97.0,0.0,0.0,3.0,Glitch
S230725ab,1374317611.1,360.087,False,91.0,9.0,0.0,0.0,Glitch
S230725ad,1374318026.7,386.724,False,100.0,0.0,0.0,0.0,Glitch
S230725am,1374326226.9,15.69,False,50.0,0.0,0.0,50.0,BBH
S230726a,1374366598.1,0.0,True,0.0,0.0,0.0,100.0,BBH
S230726b,1374369325.8,90.682,False,69.0,0.0,1.0,29.0,Glitch
S230726f,1374371639.5,642.81,False,93.0,0.0,0.0,7.0,Glitch
S230726k,1374373725.0,564.438,False,81.0,0.0,0.0,18.0,Glitch
S230726q,1374379591.8,605.381,False,89.0,0.0,0.0,11.0,Glitch
S230726ag,1374390551.3,414.058,False,78.0,0.0,1.0,21.0,Glitch
S230726al,1374394622.1,355.356,False,76.0,0.0,14.0,9.0,Glitch
S230726ar,1374396068.4,508.304,False,96.0,0.0,0.0,3.0,Glitch
S230727v,1374471178.5,349.052,False,82.0,0.0,0.0,18.0,Glitch
S230727am,1374484970.6,434.485,False,87.0,13.0,0.0,0.0,Glitch
S230727aq,1374487864.2,303.709,False,100.0,0.0,0.0,0.0,Glitch
S230728b,1374538604.6,716.038,False,94.0,0.0,0.0,6.0,Glitch
S230728d,1374539081.7,307.239,False,80.0,0.0,0.0,20.0,Glitch
S230728ac,1374557794.0,593.339,False,92.0,0.0,0.0,8.0,Glitch
S230728ak,1374561294.7,367.776,False,91.0,3.0,6.0,0.0,Glitch
S230728ap,1374568606.9,3.235,False,6.0,0.0,0.0,94.0,BBH
S230729c,1374634682.7,63.366,False,54.0,0.0,1.0,45.0,Glitch
S230729p,1374642761.5,66.922,False,59.0,41.0,0.0,0.0,Glitch
S230729q,1374643742.8,277.443,False,81.0,0.0,0.0,19.0,Glitch
S230729w,1374652414.7,699.451,False,100.0,0.0,0.0,0.0,Glitch
S230729y,1374654212.5,182.838,False,87.0,0.0,0.0,13.0,Glitch
S230729z,1374654215.2,0.107,True,0.0,0.0,0.0,100.0,BBH
S230729ae,1374661582.3,484.284,False,89.0,11.0,0.0,0.0,Glitch
S230729au,1374678855.8,579.163,False,93.0,0.0,5.0,2.0,Glitch
S230729ax,1374683223.2,599.196,False,100.0,0.0,0.0,0.0,Glitch
S230729bc,1374685933.7,193.974,False,100.0,0.0,0.0,0.0,Glitch
S230729bl,1374688404.2,719.319,False,80.0,3.0,17.0,0.0,Glitch
S230729bv,1374696399.0,385.709,False,80.0,20.0,0.0,0.0,Glitch
S230729cf,1374705581.0,439.139,False,79.0,4.0,17.0,0.0,Glitch
S230729cj,1374707603.6,3.821,False,61.0,0.0,39.0,0.0,Glitch
S230730a,1374710681.1,359.734,False,85.0,0.0,0.0,15.0,Glitch
S230730r,1374728784.4,595.649,False,92.0,0.0,0.0,8.0,Glitch
S230730av,1374755621.1,695.342,False,84.0,0.0,11.0,5.0,Glitch
S230730bq,1374773432.9,680.305,False,92.0,0.0,1.0,7.0,Glitch
S230730br,1374773935.6,621.356,False,92.0,7.0,1.0,0.0,Glitch
S230730bt,1374775115.4,699.315,False,94.0,0.0,0.0,6.0,Glitch
S230730cd,1374796709.3,706.169,False,92.0,0.0,0.0,8.0,Glitch
S230731h,1374803108.0,303.646,False,83.0,0.0,0.0,17.0,Glitch
S230731s,1374809985.9,485.572,False,89.0,0.0,0.0,11.0,Glitch
S230731z,1374813693.5,272.346,False,94.0,0.0,0.0,6.0,Glitch
S230731ai,1374834448.3,683.682,False,96.0,0.0,0.0,4.0,Glitch
S230731ak,1374835300.5,74.989,False,53.0,0.0,0.0,47.0,Glitch
S230731al,1374875003.4,288.851,False,100.0,0.0,0.0,0.0,Glitch
S230731an,1374875605.9,0.01,True,0.0,0.0,18.0,81.0,BBH
S230731at,1374878977.3,475.205,False,100.0,0.0,0.0,0.0,Glitch
S230801h,1374889280.1,364.301,False,79.0,0.0,0.0,21.0,Glitch
S230801i,1374889311.3,93.261,False,85.0,0.0,6.0,8.0,Glitch
S230801ab,1374916870.6,675.141,False,93.0,0.0,0.0,7.0,Glitch
S230801ag,1374920545.4,577.35,False,91.0,0.0,7.0,2.0,Glitch
S230802r,1374985069.2,278.024,False,100.0,0.0,0.0,0.0,Glitch
S230802x,1374987965.1,100.704,False,99.0,0.0,1.0,0.0,Glitch
S230802ag,1375001042.8,587.279,False,96.0,0.0,0.0,4.0,Glitch
S230802aq,1375011258.0,0.703,True,3.0,0.0,6.0,90.0,BBH
S230802ar,1375015827.0,62.542,False,95.0,0.0,5.0,0.0,Glitch
S230803d,1375068870.4,415.124,False,96.0,0.0,0.0,4.0,Glitch
S230804b,1375153118.5,356.866,False,89.0,0.0,1.0,9.0,Glitch
S230804ai,1375177812.0,479.928,False,97.0,0.0,0.0,3.0,Glitch
S230804ao,1375181654.6,53.858,False,77.0,0.0,0.0,23.0,Glitch
S230804av,1375224276.1,604.391,False,92.0,0.0,0.0,8.0,Glitch
S230805c,1375229037.2,662.396,False,100.0,0.0,0.0,0.0,Glitch
S230805k,1375235349.2,594.737,False,88.0,12.0,0.0,0.0,Glitch
S230805x,1375242188.0,0.29,True,0.0,0.0,0.0,100.0,BBH
S230805ak,1375250680.8,223.79,False,100.0,0.0,0.0,0.0,Glitch
S230805at,1375256207.8,514.56,False,83.0,0.0,15.0,2.0,Glitch
S230805av,1375257547.9,236.693,False,100.0,0.0,0.0,0.0,Glitch
S230805ax,1375257612.5,112.247,False,71.0,0.0,21.0,8.0,Glitch
S230805bg,1375267772.4,133.449,False,97.0,0.0,3.0,0.0,Glitch
S230805bo,1375277943.9,568.936,False,100.0,0.0,0.0,0.0,Glitch
S230805cj,1375308514.2,382.849,False,86.0,0.0,2.0,13.0,Glitch
S230806f,1375330005.7,130.836,False,84.0,16.0,0.0,0.0,Glitch
S230806t,1375356099.7,730.023,False,97.0,0.0,2.0,1.0,Glitch
S230806u,1375356947.4,306.726,False,100.0,0.0,0.0,0.0,Glitch
S230806ak,1375389659.9,0.093,True,0.0,0.0,0.0,100.0,BBH
S230807f,1375476663.4,2.253,True,5.0,0.0,0.0,95.0,BBH
S230807k,1375478202.6,412.848,False,92.0,8.0,0.0,0.0,Glitch
S230808b,1375492086.3,172.245,False,99.0,0.0,0.0,0.0,Glitch
S230808h,1375502629.0,288.162,False,82.0,0.0,0.0,18.0,Glitch
S230808r,1375511454.7,670.337,False,93.0,0.0,0.0,7.0,Glitch
S230808af,1375570334.0,290.398,False,100.0,0.0,0.0,0.0,Glitch
S230809j,1375584150.8,233.039,False,94.0,0.0,0.0,6.0,Glitch
S230809aj,1375592065.6,548.226,False,94.0,0.0,4.0,2.0,Glitch
S230809fx,1375604931.4,291.967,False,100.0,0.0,0.0,0.0,Glitch
S230810b,1375665935.7,505.797,False,89.0,0.0,0.0,11.0,Glitch
S230810d,1375669035.7,159.707,False,99.0,1.0,0.0,0.0,Glitch
S230810r,1375677250.5,293.843,False,72.0,28.0,0.0,0.0,Glitch
S230810y,1375694787.2,372.802,False,94.0,0.0,0.0,6.0,Glitch
S230810af,1375696885.6,0.916,True,1.0,99.0,0.0,0.0,NS
S230810ak,1375745880.6,254.794,False,88.0,0.0,0.0,12.0,Glitch
S230810al,1375746062.6,699.956,False,93.0,0.0,0.0,7.0,Glitch
S230811n,1375759294.3,0.01,True,0.0,0.0,0.0,100.0,BBH
S230812b,1375834762.7,253.455,False,78.0,0.0,0.0,22.0,Glitch
S230812e,1375838063.6,33.758,False,97.0,0.0,3.0,0.0,Glitch
S230812aj,1375877078.0,714.021,False,92.0,8.0,0.0,0.0,Glitch
S230812ao,1375881010.8,539.272,False,80.0,0.0,2.0,18.0,Glitch
S230812aq,1375881742.8,572.452,False,100.0,0.0,0.0,0.0,Glitch
S230812be,1375892068.4,615.641,False,100.0,0.0,0.0,0.0,Glitch
S230812bo,1375899239.2,141.518,False,69.0,0.0,0.0,31.0,Glitch
S230812bu,1375906290.2,196.285,False,79.0,0.0,15.0,6.0,Glitch
S230812cd,1375912556.9,501.429,False,88.0,11.0,1.0,0.0,Glitch
S230813e,1375924569.3,123.72,False,74.0,0.0,5.0,21.0,Glitch
S230813ak,1375956894.1,505.313,False,100.0,0.0,0.0,0.0,Glitch
S230813ar,1375961476.1,636.457,False,91.0,0.0,0.0,9.0,Glitch
S230813ax,1375973372.7,89.919,False,58.0,0.0,0.0,42.0,Glitch
S230813az,1375975392.7,256.834,False,100.0,0.0,0.0,0.0,Glitch
S230813bo,1375994247.5,548.186,False,89.0,0.0,0.0,11.0,Glitch
S230814j,1376018302.1,110.414,False,6.0,0.0,0.0,94.0,BBH
S230814r,1376029178.5,1.517,True,7.0,0.0,0.0,93.0,BBH
S230814ah,1376089759.8,0.0,True,0.0,0.0,0.0,100.0,BBH
S230815g,1376113570.7,202.38,False,77.0,0.0,0.0,23.0,Glitch
S230815r,1376128761.0,152.174,False,71.0,0.0,0.0,29.0,Glitch
S230816r,1376209555.9,352.799,False,83.0,0.0,1.0,16.0,Glitch
S230817d,1376289209.3,540.089,False,91.0,0.0,0.0,9.0,Glitch
S230817z,1376315244.4,543.64,False,100.0,0.0,0.0,0.0,Glitch
S230817ag,1376324206.1,355.092,False,86.0,0.0,0.0,14.0,Glitch
S230817ao,1376342422.8,553.189,False,91.0,0.0,0.0,9.0,Glitch
S230817ap,1376342647.1,125.363,False,67.0,0.0,0.0,33.0,Glitch
S230818p,1376370445.4,177.356,False,74.0,0.0,0.0,26.0,Glitch
S230818v,1376374706.4,565.494,False,91.0,0.0,0.0,9.0,Glitch
S230818bo,1376421945.2,461.261,False,100.0,0.0,0.0,0.0,Glitch
S230818bt,1376436695.4,633.712,False,94.0,0.0,4.0,1.0,Glitch
S230818bv,1376437767.1,79.363,False,56.0,0.0,0.0,44.0,Glitch
S230819f,1376449718.2,495.662,False,82.0,5.0,13.0,0.0,Glitch
S230819h,1376452704.8,577.002,False,86.0,0.0,11.0,3.0,Glitch
S230819m,1376456751.4,657.669,False,93.0,4.0,3.0,0.0,Glitch
S230819at,1376490016.0,334.045,False,75.0,0.0,0.0,25.0,Glitch
S230819ax,1376500768.5,0.279,True,1.0,0.0,0.0,99.0,BBH
S230820g,1376544094.1,331.578,False,86.0,0.0,0.0,14.0,Glitch
S230820n,1376568540.1,612.879,False,90.0,0.0,0.0,10.0,Glitch
S230820y,1376574473.8,22.449,False,95.0,0.0,4.0,1.0,Glitch
S230820ac,1376575495.9,536.277,False,100.0,0.0,0.0,0.0,Glitch
S230820am,1376583792.7,115.399,False,66.0,0.0,0.0,34.0,Glitch
S230820at,1376586185.1,563.672,False,100.0,0.0,0.0,0.0,Glitch
S230820bj,1376596563.9,681.713,False,90.0,10.0,0.0,0.0,Glitch
S230820bn,1376599142.5,100.947,False,43.0,0.0,42.0,16.0,Glitch
S230820bq,1376601934.0,1.334,True,4.0,0.0,0.0,96.0,BBH
S230821d,1376617090.8,726.124,False,82.0,0.0,0.0,18.0,Glitch
S230821e,1376617778.1,413.869,False,85.0,1.0,14.0,0.0,Glitch
S230821ar,1376645252.2,88.256,False,99.0,0.0,0.0,0.0,Glitch
S230821bh,1376665030.1,484.898,False,100.0,0.0,0.0,0.0,Glitch
S230822n,1376710044.4,348.594,False,86.0,0.0,0.0,14.0,Glitch
S230822ac,1376720796.5,11.31,False,19.0,0.0,0.0,81.0,BBH
S230822ah,1376730363.9,157.559,False,91.0,0.0,2.0,8.0,Glitch
S230822al,1376733425.3,632.485,False,100.0,0.0,0.0,0.0,Glitch
S230822ao,1376734838.3,662.592,False,94.0,6.0,0.0,0.0,Glitch
S230822bl,1376780181.9,377.184,False,86.0,0.0,0.0,14.0,Glitch
S230822bm,1376780635.5,0.815,True,2.0,0.0,0.0,98.0,BBH
S230823i,1376792375.5,169.478,False,99.0,0.0,1.0,0.0,Glitch
S230823x,1376805166.4,395.41,False,88.0,0.0,0.0,12.0,Glitch
S230823ac,1376808302.4,703.591,False,95.0,0.0,4.0,1.0,Glitch
S230823ay,1376825193.3,158.985,False,66.0,0.0,31.0,3.0,Glitch
S230823bl,1376835942.6,360.214,False,86.0,0.0,0.0,14.0,Glitch
S230823bu,1376869452.6,664.015,False,93.0,0.0,5.0,2.0,Glitch
S230824e,1376871334.9,184.31,False,77.0,0.0,0.0,23.0,Glitch
S230824n,1376881440.3,161.729,False,74.0,0.0,0.0,26.0,Glitch
S230824r,1376883065.7,0.001,True,0.0,0.0,0.0,100.0,BBH
S230824y,1376888634.8,535.623,False,90.0,0.0,0.0,10.0,Glitch
S230824ag,1376894599.0,408.399,False,94.0,0.0,5.0,0.0,Glitch
S230824av,1376907869.4,513.548,False,85.0,15.0,0.0,0.0,Glitch
S230824ay,1376909283.9,607.764,False,86.0,14.0,0.0,0.0,Glitch
S230824bl,1376919326.3,67.012,False,52.0,0.0,0.0,48.0,Glitch
S230824bo,1376919972.6,538.236,False,97.0,0.0,0.0,3.0,Glitch
S230824cg,1376933571.0,573.408,False,90.0,0.0,0.0,10.0,Glitch
S230824cl,1376935914.2,725.088,False,94.0,0.0,0.0,6.0,Glitch
S230824co,1376936470.9,388.278,False,100.0,0.0,0.0,0.0,Glitch
S230825k,1376972032.5,0.075,True,0.0,0.0,0.0,100.0,BBH
S230825v,1376981897.6,649.032,False,91.0,0.0,1.0,8.0,Glitch
S230825bf,1377005671.3,78.565,False,81.0,0.0,12.0,7.0,Glitch
S230825bz,1377020444.6,186.519,False,75.0,0.0,7.0,18.0,Glitch
S230825cb,1377021958.3,663.295,False,100.0,0.0,0.0,0.0,Glitch
S230825ce,1377023131.7,605.726,False,91.0,0.0,3.0,7.0,Glitch
S230825co,1377037287.3,209.183,False,98.0,0.0,2.0,0.0,Glitch
S230826l,1377054644.2,578.946,False,94.0,0.0,5.0,1.0,Glitch
S230826n,1377054951.2,678.498,False,98.0,0.0,0.0,2.0,Glitch
S230826y,1377061732.1,123.392,False,99.0,0.0,1.0,0.0,Glitch
S230826ac,1377086264.1,126.276,False,84.0,13.0,4.0,0.0,Glitch
S230826al,1377092358.3,61.854,False,57.0,43.0,0.0,0.0,Glitch
S230826ba,1377106107.9,615.845,False,79.0,21.0,0.0,0.0,Glitch
S230826be,1377108600.8,420.607,False,100.0,0.0,0.0,0.0,Glitch
S230827s,1377154273.6,485.086,False,100.0,0.0,0.0,0.0,Glitch
S230827u,1377155592.2,461.814,False,90.0,0.0,0.0,10.0,Glitch
S230827au,1377166643.9,89.083,False,52.0,0.0,20.0,28.0,Glitch
S230827bc,1377176937.8,598.941,False,93.0,0.0,0.0,7.0,Glitch
S230827bf,1377182327.0,191.734,False,74.0,0.0,0.0,26.0,Glitch
S230827bh,1377190526.0,326.174,False,91.0,0.0,2.0,7.0,Glitch
S230827bj,1377191496.1,138.771,False,50.0,0.0,39.0,11.0,Glitch
S230827bl,1377192259.9,524.205,False,86.0,13.0,1.0,0.0,Glitch
S230828b,1377217312.8,456.2,False,89.0,0.0,0.0,11.0,Glitch
S230828d,1377219776.0,140.097,False,68.0,0.0,0.0,32.0,Glitch
S230828n,1377239653.9,225.272,False,77.0,0.0,0.0,23.0,Glitch
S230828ah,1377257745.3,106.241,False,77.0,0.0,18.0,5.0,Glitch
S230830b,1377404536.5,0.004,True,0.0,0.0,80.0,20.0,NS
S230830c,1377404544.1,705.046,False,96.0,3.0,1.0,0.0,Glitch
S230830d,1377405176.6,181.801,False,92.0,0.0,0.0,8.0,Glitch
S230830g,1377406174.1,105.696,False,80.0,0.0,12.0,8.0,Glitch
S230830n,1377410063.2,660.082,False,93.0,0.0,0.0,7.0,Glitch
S230830q,1377413282.2,4.209,False,8.0,0.0,0.0,92.0,BBH
S230830ab,1377423800.2,135.64,False,99.0,1.0,0.0,0.0,Glitch
S230830an,1377436068.6,100.029,False,50.0,20.0,30.0,0.0,Glitch
S230831e,1377482072.1,0.624,True,2.0,0.0,0.0,98.0,BBH
S230831p,1377489072.2,214.265,False,99.0,0.0,0.0,0.0,Glitch
S230831aa,1377496062.8,473.057,False,100.0,0.0,0.0,0.0,Glitch
S230831ai,1377502229.5,479.654,False,90.0,0.0,0.0,10.0,Glitch
S230831ar,1377505443.3,628.808,False,100.0,0.0,0.0,0.0,Glitch
S230831bm,1377523776.2,274.148,False,100.0,0.0,0.0,0.0,Glitch
S230831bn,1377524799.7,30.551,False,66.0,0.0,4.0,29.0,Glitch
S230831cn,1377550145.3,265.046,False,93.0,0.0,2.0,6.0,Glitch
S230901h,1377565681.2,322.337,False,80.0,20.0,0.0,0.0,Glitch
S230901ae,1377597235.8,77.196,False,99.0,0.0,1.0,0.0,Glitch
S230901bf,1377621193.4,291.261,False,100.0,0.0,0.0,0.0,Glitch
S230902m,1377678640.8,685.78,False,95.0,5.0,0.0,0.0,Glitch
S230902o,1377680588.3,588.469,False,90.0,0.0,0.0,10.0,Glitch
S230902t,1377692191.7,405.756,False,88.0,0.0,2.0,10.0,Glitch
S230902af,1377702223.2,12.53,False,20.0,0.0,0.0,80.0,BBH
S230902ak,1377704654.8,589.763,False,82.0,0.0,14.0,3.0,Glitch
S230902al,1377704927.9,491.717,False,80.0,0.0,0.0,20.0,Glitch
S230902ap,1377707636.7,106.72,False,87.0,0.0,0.0,13.0,Glitch
S230902as,1377710148.7,442.454,False,91.0,0.0,8.0,1.0,Glitch
S230902au,1377710688.8,418.889,False,95.0,0.0,1.0,4.0,Glitch
S230902av,1377711438.8,651.297,False,100.0,0.0,0.0,0.0,Glitch
S230902bk,1377729973.7,90.9,False,59.0,0.0,0.0,41.0,Glitch
S230903k,1377751927.0,267.841,False,100.0,0.0,0.0,0.0,Glitch
S230903x,1377776725.8,426.135,False,88.0,0.0,0.0,12.0,Glitch
S230903ai,1377791648.9,271.011,False,100.0,0.0,0.0,0.0,Glitch
S230903al,1377792336.7,163.104,False,99.0,1.0,0.0,0.0,Glitch
S230903aw,1377800478.0,353.755,False,79.0,21.0,1.0,0.0,Glitch
S230903bk,1377810363.9,297.043,False,64.0,0.0,15.0,21.0,Glitch
S230904i,1377834337.5,138.62,False,64.0,0.0,34.0,1.0,Glitch
S230904j,1377835983.2,680.267,False,93.0,0.0,0.0,7.0,Glitch
S230904n,1377839431.1,0.071,True,1.0,0.0,0.0,99.0,BBH
S230904x,1377850078.4,515.875,False,89.0,0.0,0.0,11.0,Glitch
S230904ao,1377876363.2,64.675,False,99.0,0.0,1.0,0.0,Glitch
S230904bg,1377891950.6,25.174,False,31.0,0.0,0.0,69.0,BBH
S230906b,1377995957.5,41.99,False,42.0,0.0,0.0,58.0,BBH
S230906aa,1378028485.2,612.334,False,100.0,0.0,0.0,0.0,Glitch
S230906ad,1378029724.0,70.446,False,54.0,0.0,0.0,46.0,Glitch
S230906ae,1378031812.5,268.723,False,80.0,0.0,0.0,20.0,Glitch
S230906al,1378037268.7,202.108,False,65.0,0.0,26.0,9.0,Glitch
S230907o,1378104131.3,154.268,False,71.0,0.0,0.0,29.0,Glitch
S230907ah,1378125664.4,630.457,False,94.0,6.0,0.0,0.0,Glitch
S230907ap,1378131743.7,512.982,False,83.0,0.0,16.0,1.0,Glitch
S230907ay,1378140776.0,548.905,False,100.0,0.0,0.0,0.0,Glitch
S230907az,1378145463.5,728.096,False,90.0,10.0,0.0,0.0,Glitch
S230907bf,1378149989.9,433.915,False,100.0,0.0,0.0,0.0,Glitch
S230907bi,1378151299.2,591.812,False,91.0,0.0,0.0,9.0,Glitch
S230908b,1378180220.9,106.308,False,99.0,1.0,0.0,0.0,Glitch
S230908al,1378214552.1,546.802,False,90.0,0.0,0.0,10.0,Glitch
S230909g,1378282302.0,658.682,False,100.0,0.0,0.0,0.0,Glitch
S230909ai,1378308276.5,433.526,False,87.0,9.0,5.0,0.0,Glitch
S230909an,1378317239.5,277.087,False,85.0,15.0,0.0,0.0,Glitch
S230909as,1378324244.9,68.235,False,99.0,0.0,1.0,0.0,Glitch
S230910p,1378370263.0,378.365,False,85.0,14.0,1.0,0.0,Glitch
S230910y,1378376719.6,289.527,False,82.0,0.0,0.0,18.0,Glitch
S230910ap,1378391735.6,434.159,False,89.0,0.0,0.0,11.0,Glitch
S230910ay,1378403859.0,249.204,False,69.0,3.0,29.0,0.0,Glitch
S230910ba,1378408720.0,53.699,False,98.0,0.0,2.0,0.0,Glitch
S230910be,1378410192.9,530.817,False,97.0,0.0,0.0,3.0,Glitch
S230911d,1378439059.9,549.125,False,100.0,0.0,0.0,0.0,Glitch
S230911e,1378440837.3,280.212,False,100.0,0.0,0.0,0.0,Glitch
S230911p,1378475250.0,94.462,False,59.0,0.0,0.0,41.0,Glitch
S230911v,1378488406.6,644.773,False,100.0,0.0,0.0,0.0,Glitch
S230911ab,1378495865.6,503.071,False,91.0,0.0,0.0,9.0,Glitch
S230911ae,1378497222.2,0.0,True,0.0,0.0,0.0,100.0,BBH
S230911am,1378500849.4,162.561,False,70.0,25.0,5.0,0.0,Glitch
S230912g,1378521582.3,259.733,False,87.0,13.0,0.0,0.0,Glitch
S230912m,1378530223.2,160.926,False,100.0,0.0,0.0,0.0,Glitch
S230912y,1378554152.0,153.381,False,82.0,16.0,2.0,0.0,Glitch
S230913v,1378635358.5,399.115,False,85.0,0.0,0.0,15.0,Glitch
S230913ac,1378640938.0,351.494,False,100.0,0.0,0.0,0.0,Glitch
S230913ao,1378653111.5,241.953,False,90.0,0.0,8.0,2.0,Glitch
S230913bf,1378664930.1,625.91,False,100.0,0.0,0.0,0.0,Glitch
S230914ak,1378725259.7,0.028,True,1.0,0.0,0.0,99.0,BBH
S230915b,1378772626.9,585.391,False,93.0,0.0,0.0,7.0,Glitch
S230915ad,1378796981.2,292.34,False,100.0,0.0,0.0,0.0,Glitch
S230915af,1378800382.9,386.243,False,85.0,0.0,0.0,15.0,Glitch
S230915aq,1378811297.6,617.761,False,93.0,0.0,0.0,7.0,Glitch
S230915aw,1378818565.1,20.061,False,97.0,0.0,3.0,0.0,Glitch
S230915ba,1378820127.7,515.371,False,90.0,0.0,0.0,10.0,Glitch
S230916f,1378864104.6,566.993,False,90.0,0.0,5.0,5.0,Glitch
S230916l,1378871255.5,325.386,False,84.0,0.0,0.0,16.0,Glitch
S230916v,1378878701.4,70.793,False,82.0,0.0,0.0,18.0,Glitch
S230916aq,1378896489.6,265.036,False,79.0,0.0,0.0,21.0,Glitch
S230916bn,1378927340.9,623.045,False,92.0,0.0,0.0,8.0,Glitch
S230916by,1378940355.6,591.698,False,88.0,5.0,7.0,0.0,Glitch
S230917v,1378967018.7,559.321,False,86.0,8.0,7.0,0.0,Glitch
S230917y,1378969852.3,718.344,False,84.0,10.0,6.0,0.0,Glitch
S230917ad,1378971869.8,375.944,False,91.0,8.0,0.0,0.0,Glitch
S230917aw,1379010545.5,687.8,False,100.0,0.0,0.0,0.0,Glitch
S230918ae,1379062587.5,210.785,False,100.0,0.0,0.0,0.0,Glitch
S230918aq,1379071199.2,1.709,True,21.0,79.0,0.0,0.0,NS
S230918bq,1379110921.6,253.103,False,78.0,0.0,13.0,9.0,Glitch
S230918bs,1379113042.6,716.068,False,94.0,0.0,0.0,6.0,Glitch
S230918bu,1379114701.9,201.725,False,88.0,11.0,1.0,0.0,Glitch
S230918ca,1379116148.4,213.113,False,89.0,9.0,2.0,0.0,Glitch
S230919d,1379116850.5,336.776,False,92.0,7.0,1.0,0.0,Glitch
S230919j,1379117643.3,69.34,False,75.0,25.0,0.0,0.0,Glitch
S230919m,1379117874.6,94.014,False,84.0,0.0,16.0,1.0,Glitch
S230919bd,1379142581.4,347.038,False,100.0,0.0,0.0,0.0,Glitch
S230919bj,1379195850.0,0.01,True,0.0,0.0,0.0,100.0,BBH
S230919bl,1379197011.4,451.254,False,88.0,0.0,10.0,2.0,Glitch
S230920p,1379214334.9,377.076,False,77.0,22.0,0.0,0.0,Glitch
S230920aj,1379227647.3,350.621,False,99.0,0.0,1.0,0.0,Glitch
S230920al,1379229102.7,0.01,True,0.0,0.0,0.0,100.0,BBH
S230920ap,1379234946.5,488.884,False,88.0,0.0,9.0,3.0,Glitch
S230920av,1379238870.0,291.491,False,100.0,0.0,0.0,0.0,Glitch
S230920bc,1379245533.5,85.941,False,62.0,38.0,0.0,0.0,Glitch
S230922a,1379381052.6,468.51,False,89.0,0.0,0.0,11.0,Glitch
S230922g,1379383442.9,0.0,True,0.0,0.0,0.0,100.0,BBH
S230922q,1379390836.1,0.011,True,0.0,0.0,0.0,100.0,BBH
S230922be,1379445148.0,451.429,False,89.0,0.0,0.0,11.0,Glitch
S230922bo,1379459630.8,428.11,False,100.0,0.0,0.0,0.0,Glitch
S230923f,1379469168.9,566.791,False,89.0,11.0,0.0,0.0,Glitch
S230923bt,1379542063.3,320.607,False,100.0,0.0,0.0,0.0,Glitch
S230924k,1379558682.4,66.279,False,81.0,0.0,0.0,19.0,Glitch
S230924v,1379567608.6,167.563,False,56.0,24.0,20.0,0.0,Glitch
S230924ah,1379583892.1,485.443,False,81.0,0.0,13.0,6.0,Glitch
S230924ai,1379585487.8,726.688,False,93.0,0.0,6.0,2.0,Glitch
S230924an,1379594711.8,0.01,True,0.0,0.0,0.0,100.0,BBH
S230924ao,1379595875.0,84.478,False,84.0,0.0,7.0,10.0,Glitch
S230924bl,1379633377.1,706.855,False,94.0,0.0,5.0,0.0,Glitch
S230925k,1379644003.7,50.771,False,99.0,0.0,1.0,0.0,Glitch
S230925ac,1379664227.6,269.379,False,88.0,12.0,0.0,0.0,Glitch
S230925ae,1379667798.2,442.346,False,88.0,0.0,0.0,12.0,Glitch
S230925au,1379676856.9,89.152,False,57.0,23.0,19.0,0.0,Glitch
S230925bx,1379711792.5,96.489,False,56.0,44.0,0.0,0.0,Glitch
S230926ae,1379763716.1,456.408,False,89.0,0.0,0.0,11.0,Glitch
S230926af,1379763841.6,467.463,False,100.0,0.0,0.0,0.0,Glitch
S230927l,1379824667.1,0.339,True,2.0,0.0,0.0,98.0,BBH
S230927an,1379857485.0,361.234,False,91.0,8.0,1.0,0.0,Glitch
S230927aq,1379857773.7,523.239,False,96.0,0.0,0.0,4.0,Glitch
S230927ax,1379861353.8,530.342,False,100.0,0.0,0.0,0.0,Glitch
S230927ba,1379862369.1,660.689,False,90.0,1.0,10.0,0.0,Glitch
S230927be,1379864330.9,0.01,True,0.0,0.0,0.0,100.0,BBH
S230927bh,1379865779.7,595.521,False,93.0,0.0,0.0,7.0,Glitch
S230927bp,1379891554.6,372.231,False,86.0,0.0,0.0,14.0,Glitch
S230928h,1379914909.6,83.939,False,61.0,0.0,0.0,39.0,Glitch
S230928q,1379920808.4,400.255,False,84.0,0.0,11.0,5.0,Glitch
S230928af,1379931043.4,111.753,False,99.0,0.0,1.0,0.0,Glitch
S230928aj,1379933532.4,265.376,False,80.0,0.0,0.0,20.0,Glitch
S230928am,1379936632.3,249.451,False,69.0,0.0,25.0,6.0,Glitch
S230928ao,1379938979.1,700.888,False,94.0,0.0,5.0,0.0,Glitch
S230928ap,1379938988.7,213.086,False,99.0,1.0,0.0,0.0,Glitch
S230928cb,1379973525.1,0.03,True,0.0,0.0,0.0,100.0,BBH
S230928cc,1379973884.7,239.281,False,84.0,0.0,13.0,3.0,Glitch
S230929g,1380018873.5,143.006,False,100.0,0.0,0.0,0.0,Glitch
S230929o,1380026157.6,667.401,False,100.0,0.0,0.0,0.0,Glitch
S230929aq,1380048853.3,238.773,False,89.0,0.0,9.0,3.0,Glitch
S230930n,1380085834.5,636.451,False,93.0,2.0,5.0,0.0,Glitch
S230930t,1380088495.4,187.492,False,73.0,0.0,0.0,27.0,Glitch
S230930al,1380107268.4,0.233,True,1.0,0.0,0.0,99.0,BBH
S230930bd,1380117853.8,299.643,False,100.0,0.0,0.0,0.0,Glitch
S230930bp,1380125922.7,498.024,False,92.0,0.0,6.0,2.0,Glitch
S230930bt,1380128726.1,537.036,False,90.0,10.0,0.0,0.0,Glitch
S230930bz,1380133163.7,546.957,False,100.0,0.0,0.0,0.0,Glitch
S230930cj,1380144562.7,179.048,False,52.0,0.0,5.0,43.0,Glitch
S231001aq,1380204158.7,0.157,True,0.0,0.0,0.0,100.0,BBH
S231002ba,1380289923.5,667.941,False,100.0,0.0,0.0,0.0,Glitch
S231002bb,1380292774.7,74.219,False,72.0,0.0,0.0,28.0,Glitch
S231002bi,1380297052.8,187.482,False,75.0,0.0,0.0,25.0,Glitch
S231003l,1380341490.7,603.308,False,80.0,0.0,1.0,19.0,Glitch
S231003o,1380345325.5,249.891,False,100.0,0.0,0.0,0.0,Glitch
S231003w,1380352222.2,393.407,False,100.0,0.0,0.0,0.0,Glitch
S231003ab,1380353672.8,574.653,False,72.0,0.0,21.0,7.0,Glitch
S231003aj,1380361436.7,710.102,False,94.0,0.0,0.0,6.0,Glitch
S231003al,1380363420.1,669.624,False,94.0,0.0,0.0,6.0,Glitch
S231003ar,1380369105.1,538.503,False,100.0,0.0,0.0,0.0,Glitch
S231003ba,1380369377.2,551.251,False,93.0,7.0,0.0,0.0,Glitch
S231003be,1380369539.4,721.808,False,100.0,0.0,0.0,0.0,Glitch
S231003bg,1380370216.6,97.411,False,74.0,0.0,15.0,12.0,Glitch
S231003bi,1380370335.6,91.22,False,88.0,0.0,0.0,12.0,Glitch
S231004d,1380417395.6,554.892,False,97.0,0.0,0.0,3.0,Glitch
S231004f,1380419829.5,92.609,False,53.0,47.0,0.0,0.0,Glitch
S231004t,1380432582.5,656.641,False,95.0,0.0,0.0,5.0,Glitch
S231004as,1380470608.5,581.385,False,95.0,0.0,2.0,3.0,Glitch
S231004bq,1380497044.3,24.03,False,29.0,0.0,0.0,71.0,BBH
S231005j,1380507049.0,1.014,True,2.0,0.0,0.0,98.0,BBH
S231005n,1380518529.6,465.276,False,92.0,4.0,4.0,0.0,Glitch
S231005r,1380520324.2,114.54,False,99.0,1.0,0.0,0.0,Glitch
S231005ac,1380528011.6,98.596,False,99.0,1.0,0.0,0.0,Glitch
S231005ah,1380532567.5,0.065,True,0.0,0.0,0.0,100.0,BBH
S231005ay,1380547774.0,479.682,False,88.0,0.0,0.0,12.0,Glitch
S231005bt,1380554876.6,387.616,False,76.0,24.0,0.0,0.0,Glitch
S231005bx,1380557971.1,620.111,False,91.0,0.0,0.0,9.0,Glitch
S231005cu,1380583833.1,500.233,False,90.0,10.0,0.0,0.0,Glitch
S231005cx,1380585009.8,573.971,False,100.0,0.0,0.0,0.0,Glitch
S231006b,1380588711.2,357.678,False,100.0,0.0,0.0,0.0,Glitch
S231006c,1380589031.0,498.947,False,71.0,0.0,22.0,7.0,Glitch
S231006q,1380608618.7,97.457,False,99.0,0.0,1.0,0.0,Glitch
S231006ac,1380616270.9,341.447,False,74.0,0.0,11.0,15.0,Glitch
S231006al,1380620303.2,443.835,False,100.0,0.0,0.0,0.0,Glitch
S231006bh,1380638511.0,328.74,False,91.0,8.0,1.0,0.0,Glitch
S231007h,1380676112.5,111.204,False,99.0,0.0,1.0,0.0,Glitch
S231007w,1380721658.8,19.084,False,25.0,0.0,0.0,75.0,BBH
S231007al,1380732451.4,598.274,False,93.0,0.0,0.0,7.0,Glitch
S231007ap,1380737079.5,590.324,False,92.0,0.0,3.0,5.0,Glitch
S231008g,1380763211.4,497.018,False,90.0,0.0,0.0,10.0,Glitch
S231008k,1380775850.2,656.781,False,94.0,0.0,0.0,6.0,Glitch
S231008r,1380781581.1,429.931,False,88.0,0.0,0.0,12.0,Glitch
S231008ad,1380798552.0,431.697,False,100.0,0.0,0.0,0.0,Glitch
S231008ap,1380810339.8,0.048,True,0.0,0.0,0.0,100.0,BBH
S231008bj,1380827375.5,385.925,False,100.0,0.0,0.0,0.0,Glitch
S231008bp,1380836736.8,302.205,False,95.0,0.0,0.0,5.0,Glitch
S231009h,1380859089.8,535.214,False,96.0,0.0,0.0,4.0,Glitch
S231009r,1380874398.2,497.028,False,97.0,0.0,0.0,3.0,Glitch
S231009ai,1380923945.3,617.411,False,93.0,0.0,0.0,7.0,Glitch
S231010r,1380954031.6,711.035,False,93.0,5.0,1.0,0.0,Glitch
S231010y,1380964901.8,601.508,False,93.0,0.0,0.0,7.0,Glitch
S231010ak,1380975283.9,364.332,False,88.0,11.0,1.0,0.0,Glitch
S231010ax,1380979783.7,520.673,False,95.0,0.0,3.0,2.0,Glitch
S231010bb,1380980220.1,505.782,False,97.0,0.0,0.0,3.0,Glitch
S231010bd,1380980379.7,46.285,False,75.0,0.0,0.0,25.0,Glitch
S231011bc,1381080526.2,208.718,False,93.0,0.0,0.0,7.0,Glitch
S231011bq,1381084797.8,339.465,False,100.0,0.0,0.0,0.0,Glitch
S231013aa,1381219181.3,386.4,False,100.0,0.0,0.0,0.0,Glitch
S231013ai,1381223032.0,114.451,False,55.0,3.0,42.0,0.0,Glitch
S231013au,1381227180.8,263.268,False,100.0,0.0,0.0,0.0,Glitch
S231013ba,1381233389.5,452.397,False,100.0,0.0,0.0,0.0,Glitch
S231013bo,1381239445.5,502.595,False,79.0,21.0,0.0,0.0,Glitch
S231013bq,1381240522.4,147.868,False,99.0,0.0,1.0,0.0,Glitch
S231013br,1381240640.5,160.066,False,80.0,0.0,0.0,20.0,Glitch
S231013cx,1381269778.6,251.469,False,99.0,1.0,0.0,0.0,Glitch
S231014e,1381280964.8,613.443,False,100.0,0.0,0.0,0.0,Glitch
S231014g,1381281678.0,374.479,False,86.0,14.0,0.0,0.0,Glitch
S231014l,1381285176.3,27.024,False,97.0,1.0,2.0,0.0,Glitch
S231014q,1381287127.5,548.036,False,100.0,0.0,0.0,0.0,Glitch
S231014r,1381291551.0,0.326,True,1.0,0.0,0.0,99.0,BBH
S231014w,1381297256.9,374.348,False,84.0,13.0,3.0,0.0,Glitch
S231014be,1381323217.1,163.248,False,71.0,10.0,19.0,0.0,Glitch
S231014bn,1381330959.8,518.664,False,100.0,0.0,0.0,0.0,Glitch
S231014cp,1381352357.3,466.311,False,92.0,0.0,5.0,3.0,Glitch
S231014cq,1381354296.3,581.164,False,100.0,0.0,0.0,0.0,Glitch
S231015g,1381373669.8,290.247,False,74.0,25.0,1.0,0.0,Glitch
S231015au,1381428705.6,307.905,False,99.0,1.0,0.0,0.0,Glitch
S231015bb,1381438120.9,558.885,False,91.0,0.0,0.0,9.0,Glitch
S231015by,1381448727.0,211.515,False,86.0,14.0,0.0,0.0,Glitch
S231016e,1381454820.5,153.885,False,69.0,0.0,0.0,31.0,Glitch
S231016q,1381460220.0,472.437,False,90.0,0.0,0.0,10.0,Glitch
S231016am,1381487108.7,481.629,False,90.0,0.0,0.0,10.0,Glitch
S231016aw,1381502763.4,513.287,False,95.0,0.0,3.0,2.0,Glitch
S231016bj,1381527934.2,678.87,False,93.0,0.0,0.0,7.0,Glitch
S231016bm,1381528331.3,705.851,False,92.0,8.0,0.0,0.0,Glitch
S231016br,1381531192.7,220.448,False,78.0,0.0,16.0,6.0,Glitch
S231017h,1381541210.5,678.381,False,100.0,0.0,0.0,0.0,Glitch
S231017s,1381547228.0,574.97,False,100.0,0.0,0.0,0.0,Glitch
S231017t,1381548589.1,200.579,False,80.0,14.0,7.0,0.0,Glitch
S231017v,1381550147.6,281.783,False,80.0,0.0,0.0,20.0,Glitch
S231017x,1381552748.7,540.988,False,91.0,0.0,5.0,4.0,Glitch
S231017z,1381553571.5,259.791,False,68.0,27.0,5.0,0.0,Glitch
S231017ar,1381577255.0,270.894,False,94.0,0.0,0.0,6.0,Glitch
S231017bj,1381584527.5,166.181,False,68.0,0.0,8.0,24.0,Glitch
S231017bs,1381618592.0,572.647,False,97.0,0.0,0.0,3.0,Glitch
S231018v,1381647903.6,203.687,False,79.0,20.0,0.0,0.0,Glitch
S231018at,1381667202.8,163.15,False,69.0,0.0,4.0,26.0,Glitch
S231018ax,1381670707.4,213.234,False,63.0,36.0,1.0,0.0,Glitch
S231018bh,1381678675.7,591.502,False,93.0,0.0,0.0,7.0,Glitch
S231018bi,1381679039.6,681.942,False,93.0,0.0,0.0,7.0,Glitch
S231018by,1381707055.0,287.698,False,95.0,0.0,0.0,5.0,Glitch
S231018cb,1381708124.7,345.407,False,84.0,0.0,0.0,16.0,Glitch
S231019aa,1381734661.2,554.941,False,92.0,0.0,0.0,8.0,Glitch
S231019ak,1381740488.2,228.572,False,56.0,1.0,41.0,2.0,Glitch
S231019cd,1381784332.8,615.55,False,91.0,0.0,6.0,3.0,Glitch
S231020a,1381795479.4,305.657,False,100.0,0.0,0.0,0.0,Glitch
S231020q,1381809761.8,596.937,False,93.0,0.0,0.0,7.0,Glitch
S231020aj,1381825493.8,702.945,False,94.0,0.0,0.0,6.0,Glitch
S231020ar,1381836703.8,626.564,False,90.0,10.0,0.0,0.0,Glitch
S231020ba,1381847405.6,0.04,True,1.0,0.0,8.0,91.0,BBH
S231020bg,1381849433.6,561.595,False,92.0,0.0,8.0,0.0,Glitch
S231020bk,1381852031.2,546.707,False,91.0,0.0,0.0,9.0,Glitch
S231020br,1381856234.1,519.087,False,82.0,13.0,5.0,0.0,Glitch
S231020bw,1381860327.8,0.011,True,0.0,0.0,0.0,100.0,BBH
S231021n,1381886772.4,103.221,False,99.0,1.0,0.0,0.0,Glitch
S231021w,1381891222.7,697.203,False,100.0,0.0,0.0,0.0,Glitch
S231021az,1381966696.0,7.376,False,73.0,0.0,26.0,1.0,Glitch
S231022al,1382005068.3,667.671,False,100.0,0.0,0.0,0.0,Glitch
S231022bd,1382016151.5,418.31,False,100.0,0.0,0.0,0.0,Glitch
S231022bk,1382023036.3,468.428,False,76.0,23.0,0.0,0.0,Glitch
S231022bl,1382023115.1,373.559,False,83.0,6.0,11.0,0.0,Glitch
S231024d,1382150181.2,191.269,False,74.0,0.0,0.0,26.0,Glitch
S231025a,1382238702.4,29.426,False,41.0,59.0,0.0,0.0,NS
S231025c,1382239788.1,578.616,False,85.0,0.0,10.0,4.0,Glitch
S231025e,1382241982.3,639.394,False,96.0,3.0,1.0,0.0,Glitch
S231025k,1382245011.2,587.349,False,93.0,0.0,2.0,5.0,Glitch
S231025r,1382249039.9,498.262,False,89.0,11.0,0.0,0.0,Glitch
S231025t,1382249790.2,146.753,False,51.0,16.0,33.0,0.0,Glitch
S231025ag,1382274165.7,198.47,False,92.0,0.0,3.0,5.0,Glitch
S231025ap,1382279004.1,11.632,False,17.0,0.0,0.0,83.0,BBH
S231025aw,1382281656.9,728.26,False,85.0,0.0,1.0,14.0,Glitch
S231025ay,1382282775.2,76.899,False,47.0,0.0,6.0,47.0,Glitch
S231025az,1382285028.1,551.577,False,83.0,17.0,0.0,0.0,Glitch
S231026f,1382334288.9,163.668,False,71.0,0.0,0.0,29.0,Glitch
S231026n,1382339517.7,415.849,False,79.0,15.0,6.0,0.0,Glitch
S231026p,1382342594.1,678.94,False,100.0,0.0,0.0,0.0,Glitch
S231026z,1382360086.5,361.662,False,83.0,16.0,1.0,0.0,Glitch
S231026ab,1382360842.2,123.092,False,89.0,0.0,0.0,11.0,Glitch
S231026ag,1382364468.6,348.588,False,92.0,0.0,1.0,6.0,Glitch
S231027k,1382407556.8,608.807,False,100.0,0.0,0.0,0.0,Glitch
S231027am,1382440336.8,668.308,False,100.0,0.0,0.0,0.0,Glitch
S231027bk,1382472087.1,498.877,False,80.0,20.0,0.0,0.0,Glitch
S231028r,1382511608.0,679.978,False,84.0,16.0,0.0,0.0,Glitch
S231028ai,1382522428.1,274.042,False,87.0,13.0,0.0,0.0,Glitch
S231028aw,1382536854.4,306.52,False,70.0,30.0,0.0,0.0,Glitch
S231028bd,1382539633.1,350.754,False,100.0,0.0,0.0,0.0,Glitch
S231028bg,1382542224.3,0.0,True,0.0,0.0,0.0,100.0,BBH
S231028br,1382549679.0,345.614,False,84.0,0.0,4.0,12.0,Glitch
S231029e,1382576104.4,444.994,False,78.0,22.0,0.0,0.0,Glitch
S231029k,1382592220.3,93.509,False,32.0,68.0,0.0,0.0,NS
S231029n,1382600691.5,681.067,False,89.0,0.0,2.0,8.0,Glitch
S231029y,1382613326.8,0.007,True,0.0,0.0,0.0,100.0,BBH
S231029aa,1382620069.7,472.79,False,100.0,0.0,0.0,0.0,Glitch
S231029ai,1382626317.2,160.706,False,50.0,0.0,46.0,4.0,Glitch
S231029at,1382644139.9,670.87,False,95.0,0.0,0.0,5.0,Glitch
S231029ba,1382651950.2,559.74,False,97.0,0.0,0.0,3.0,Glitch
S231029bc,1382652666.3,213.815,False,99.0,1.0,0.0,0.0,Glitch
S231029bd,1382652856.1,281.545,False,78.0,22.0,0.0,0.0,Glitch
S231029bh,1382656716.5,445.194,False,100.0,0.0,0.0,0.0,Glitch
S231030t,1382668028.7,707.497,False,82.0,16.0,1.0,0.0,Glitch
S231030v,1382669510.2,667.168,False,92.0,8.0,0.0,0.0,Glitch
S231030ad,1382682341.3,655.922,False,92.0,8.0,0.0,0.0,Glitch
S231030av,1382705489.6,1.329,True,1.0,93.0,6.0,0.0,NS
S231030aw,1382706727.5,594.921,False,100.0,0.0,0.0,0.0,Glitch
S231102i,1382932922.7,185.218,False,55.0,29.0,16.0,0.0,Glitch
S231102w,1382944674.4,0.0,True,0.0,0.0,0.0,100.0,BBH
S231102av,1382971313.1,194.893,False,100.0,0.0,0.0,0.0,Glitch
S231102bh,1382978444.3,383.129,False,88.0,0.0,0.0,12.0,Glitch
S231102ce,1382998288.0,724.986,False,94.0,0.0,0.0,5.0,Glitch
S231103n,1383057249.7,521.691,False,100.0,0.0,0.0,0.0,Glitch
S231103y,1383071502.1,242.678,False,91.0,0.0,5.0,4.0,Glitch
S231103aa,1383072786.7,492.988,False,91.0,0.0,0.0,9.0,Glitch
S231104j,1383117375.8,197.741,False,99.0,1.0,0.0,0.0,Glitch
S231104l,1383118587.9,601.597,False,92.0,0.0,0.0,8.0,Glitch
S231104o,1383124016.8,71.012,False,99.0,0.0,1.0,0.0,Glitch
S231104s,1383127421.5,256.852,False,69.0,0.0,21.0,9.0,Glitch
S231104ac,1383140076.9,0.01,True,0.0,0.0,0.0,100.0,BBH
S231104aq,1383155304.7,560.474,False,100.0,0.0,0.0,0.0,Glitch
S231104az,1383167442.6,21.27,False,96.0,0.0,4.0,0.0,Glitch
S231106d,1383268939.9,608.807,False,95.0,0.0,1.0,3.0,Glitch
S231106f,1383269559.7,256.475,False,99.0,1.0,0.0,0.0,Glitch
S231106k,1383273343.4,534.834,False,90.0,0.0,0.0,10.0,Glitch
S231106r,1383279734.1,374.921,False,86.0,0.0,3.0,11.0,Glitch
S231106y,1383289005.7,435.883,False,100.0,0.0,0.0,0.0,Glitch
S231106ak,1383301642.5,594.994,False,93.0,0.0,0.0,7.0,Glitch
S231106aw,1383309965.9,382.502,False,87.0,0.0,0.0,13.0,Glitch
S231106bg,1383321133.5,618.087,False,82.0,0.0,8.0,10.0,Glitch
S231106bu,1383334275.9,392.165,False,100.0,0.0,0.0,0.0,Glitch
S231107a,1383351275.0,410.544,False,78.0,21.0,0.0,0.0,Glitch
S231107d,1383353731.2,484.656,False,100.0,0.0,0.0,0.0,Glitch
S231107i,1383359337.1,331.704,False,85.0,0.0,0.0,15.0,Glitch
S231107q,1383365904.9,594.261,False,100.0,0.0,0.0,0.0,Glitch
S231107v,1383370221.2,240.975,False,79.0,0.0,0.0,21.0,Glitch
S231108l,1383450791.8,456.24,False,100.0,0.0,0.0,0.0,Glitch
S231108u,1383483120.5,0.01,True,0.0,0.0,0.0,100.0,BBH
S231108x,1383502145.0,472.373,False,89.0,0.0,0.0,11.0,Glitch
S231108aa,1383508595.6,399.351,False,96.0,0.0,0.0,4.0,Glitch
S231108ab,1383508660.5,416.403,False,91.0,0.0,0.0,9.0,Glitch
S231109o,1383541227.9,264.297,False,100.0,0.0,0.0,0.0,Glitch
S231109y,1383554345.6,384.979,False,91.0,0.0,0.0,9.0,Glitch
S231109ab,1383558336.5,647.514,False,100.0,0.0,0.0,0.0,Glitch
S231109ap,1383574209.4,280.372,False,93.0,0.0,0.0,7.0,Glitch
S231109av,1383576881.1,559.887,False,100.0,0.0,0.0,0.0,Glitch
S231109bh,1383587663.9,99.428,False,61.0,0.0,0.0,39.0,Glitch
S231109bj,1383588775.9,645.333,False,85.0,0.0,0.0,15.0,Glitch
S231109bo,1383592776.7,134.207,False,83.0,0.0,0.0,17.0,Glitch
S231109bp,1383593644.3,513.272,False,90.0,0.0,0.0,10.0,Glitch
S231109br,1383596949.0,499.539,False,92.0,0.0,0.0,8.0,Glitch
S231109cb,1383602165.5,73.121,False,99.0,1.0,0.0,0.0,Glitch
S231109ch,1383609307.6,223.869,False,93.0,0.0,0.0,7.0,Glitch
S231109ci,1383609314.0,13.586,False,96.0,4.0,0.0,0.0,Glitch
S231110a,1383609857.4,367.968,False,100.0,0.0,0.0,0.0,Glitch
S231110g,1383624218.2,0.608,True,3.0,0.0,0.0,97.0,BBH
S231110al,1383654584.4,56.403,False,49.0,0.0,0.0,51.0,BBH
S231110am,1383655078.6,629.401,False,91.0,0.0,0.0,9.0,Glitch
S231110au,1383666223.3,728.773,False,100.0,0.0,0.0,0.0,Glitch
S231110az,1383671869.4,59.096,False,54.0,0.0,0.0,46.0,Glitch
S231111z,1383732253.4,49.396,False,49.0,0.0,0.0,51.0,BBH
S231111ak,1383754131.4,218.683,False,84.0,0.0,0.0,15.0,Glitch
S231111am,1383757797.5,307.865,False,100.0,0.0,0.0,0.0,Glitch
S231111aq,1383763550.1,358.137,False,100.0,0.0,0.0,0.0,Glitch
S231111as,1383764471.0,274.487,False,100.0,0.0,0.0,0.0,Glitch
S231111ay,1383768341.4,82.541,False,98.0,0.0,1.0,0.0,Glitch
S231112j,1383801285.1,115.437,False,98.0,2.0,0.0,0.0,Glitch
S231112v,1383812716.9,135.151,False,100.0,0.0,0.0,0.0,Glitch
S231112z,1383814898.7,16.224,False,93.0,0.0,6.0,1.0,Glitch
S231112ag,1383822141.4,0.0,True,0.0,0.0,0.0,100.0,BBH
S231112al,1383828983.1,430.698,False,89.0,0.0,0.0,11.0,Glitch
S231112as,1383840233.5,551.925,False,87.0,0.0,0.0,13.0,Glitch
S231112aw,1383847571.1,203.495,False,100.0,0.0,0.0,0.0,Glitch
S231112bh,1383860644.0,592.813,False,97.0,0.0,0.0,3.0,Glitch
S231112bi,1383860801.1,528.2,False,91.0,0.0,0.0,9.0,Glitch
S231113c,1383871120.8,668.76,False,100.0,0.0,0.0,0.0,Glitch
S231113y,1383889684.3,190.7,False,75.0,0.0,0.0,25.0,Glitch
S231113aa,1383891668.9,509.835,False,92.0,0.0,0.0,8.0,Glitch
S231113ac,1383893324.0,454.383,False,91.0,0.0,0.0,9.0,Glitch
S231113af,1383895971.6,428.387,False,93.0,0.0,0.0,6.0,Glitch
S231113az,1383910123.5,49.532,False,43.0,0.0,0.0,57.0,BBH
S231113bb,1383913601.9,1.765,True,4.0,0.0,0.0,96.0,BBH
S231113bm,1383922859.4,106.387,False,62.0,0.0,0.0,38.0,Glitch
S231113bo,1383924806.7,330.001,False,100.0,0.0,0.0,0.0,Glitch
S231113bs,1383936980.5,27.076,False,98.0,2.0,0.0,0.0,Glitch
S231113bw,1383941075.9,0.43,True,4.0,0.0,17.0,79.0,BBH
S231113ce,1383953470.5,228.867,False,87.0,0.0,0.0,12.0,Glitch
S231114n,1383971549.3,0.01,True,0.0,0.0,0.0,100.0,BBH
S231114aq,1383997557.8,175.951,False,75.0,0.0,0.0,25.0,Glitch
S231117o,1384235670.8,230.082,False,99.0,0.0,1.0,0.0,Glitch
S231117y,1384242557.9,593.982,False,100.0,0.0,0.0,0.0,Glitch
S231117ad,1384259687.9,333.275,False,85.0,0.0,0.0,15.0,Glitch
S231117ao,1384266156.3,255.076,False,99.0,1.0,0.0,0.0,Glitch
S231117ax,1384275290.1,96.248,False,85.0,0.0,7.0,8.0,Glitch
S231117ba,1384278186.8,92.601,False,98.0,0.0,1.0,0.0,Glitch
S231118b,1384301561.5,675.629,False,100.0,0.0,0.0,0.0,Glitch
S231118d,1384304204.8,0.01,True,0.0,0.0,0.0,100.0,BBH
S231118g,1384306089.3,579.088,False,100.0,0.0,0.0,0.0,Glitch
S231118h,1384306293.5,234.099,False,99.0,1.0,0.0,0.0,Glitch
S231118i,1384308954.8,718.238,False,98.0,0.0,0.0,2.0,Glitch
S231118ab,1384326860.2,0.598,True,1.0,0.0,0.0,99.0,BBH
S231118an,1384333580.0,2.358,True,24.0,0.0,1.0,74.0,BBH
S231118at,1384367816.1,409.538,False,100.0,0.0,0.0,0.0,Glitch
S231119u,1384415586.1,2.344,True,5.0,0.0,0.0,95.0,BBH
S231119as,1384436336.5,571.403,False,100.0,0.0,0.0,0.0,Glitch
S231120e,1384482081.0,427.496,False,95.0,0.0,0.0,5.0,Glitch
S231120h,1384485214.2,286.997,False,100.0,0.0,0.0,0.0,Glitch
S231120l,1384486864.5,729.681,False,93.0,0.0,0.0,7.0,Glitch
S231120ao,1384513785.4,661.427,False,100.0,0.0,0.0,0.0,Glitch
S231120aw,1384552865.8,308.07,False,100.0,0.0,0.0,0.0,Glitch
S231120bg,1384558730.8,165.467,False,86.0,0.0,2.0,13.0,Glitch
S231121h,1384564024.3,217.242,False,100.0,0.0,0.0,0.0,Glitch
S231121s,1384573027.3,272.429,False,99.0,1.0,0.0,0.0,Glitch
S231123ab,1384760607.1,329.874,False,100.0,0.0,0.0,0.0,Glitch
S231123cb,1384781229.6,272.267,False,99.0,1.0,0.0,0.0,Glitch
S231123cf,1384782862.5,572.002,False,100.0,0.0,0.0,0.0,Glitch
S231123cg,1384782888.6,0.01,True,0.0,0.0,0.0,100.0,BBH
S231123ch,1384783765.8,524.124,False,100.0,0.0,0.0,0.0,Glitch
S231123cu,1384785999.0,541.379,False,100.0,0.0,0.0,0.0,Glitch
S231123dz,1384802108.4,578.083,False,93.0,0.0,0.0,7.0,Glitch
S231123ej,1384805159.2,326.486,False,78.0,0.0,0.0,22.0,Glitch
S231123fc,1384818471.6,716.059,False,100.0,0.0,0.0,0.0,Glitch
S231124l,1384822953.7,143.598,False,70.0,0.0,0.0,30.0,Glitch
S231124m,1384823261.9,365.306,False,73.0,0.0,0.0,27.0,Glitch
S231124u,1384828032.0,670.717,False,100.0,0.0,0.0,0.0,Glitch
S231124z,1384829377.0,31.784,False,35.0,0.0,0.0,65.0,BBH
S231124am,1384839822.0,586.099,False,100.0,0.0,0.0,0.0,Glitch
S231125bo,1384963606.9,56.002,False,33.0,0.0,0.0,67.0,BBH
S231126c,1384996186.3,102.503,False,87.0,0.0,0.0,13.0,Glitch
S231126p,1385005655.8,654.437,False,95.0,0.0,0.0,5.0,Glitch
S231126aa,1385016314.0,164.813,False,99.0,1.0,0.0,0.0,Glitch
S231126ce,1385065418.4,392.545,False,100.0,0.0,0.0,0.0,Glitch
S231126cp,1385076511.2,407.645,False,75.0,0.0,0.0,25.0,Glitch
S231127a,1385078712.2,408.327,False,88.0,0.0,0.0,12.0,Glitch
S231127ag,1385100964.5,64.966,False,49.0,0.0,0.0,51.0,BBH
S231127aj,1385102180.4,702.055,False,99.0,0.0,0.0,1.0,Glitch
S231127ax,1385118234.3,232.178,False,100.0,0.0,0.0,0.0,Glitch
S231127cg,1385139198.9,0.183,True,0.0,0.0,0.0,100.0,BBH
S231127cp,1385145750.4,660.212,False,94.0,0.0,0.0,6.0,Glitch
S231128a,1385173633.4,74.069,False,98.0,0.0,2.0,0.0,Glitch
S231128h,1385178521.5,516.248,False,93.0,0.0,0.0,7.0,Glitch
S231128i,1385178552.1,260.873,False,94.0,0.0,0.0,6.0,Glitch
S231128z,1385210051.3,572.433,False,91.0,0.0,0.0,9.0,Glitch
S231128ab,1385211566.7,224.685,False,99.0,1.0,0.0,0.0,Glitch
S231129d,1385254677.6,178.12,False,90.0,0.0,0.0,10.0,Glitch
S231129e,1385254860.4,173.525,False,81.0,0.0,0.0,19.0,Glitch
S231129k,1385263026.6,473.733,False,100.0,0.0,0.0,0.0,Glitch
S231129o,1385266562.1,202.569,False,100.0,0.0,0.0,0.0,Glitch
S231129ac,1385281083.6,0.557,True,1.0,0.0,0.0,99.0,BBH
S231204d,1385691713.7,476.847,False,100.0,0.0,0.0,0.0,Glitch
S231204n,1385694972.0,524.246,False,99.0,1.0,0.0,0.0,Glitch
S231204p,1385695890.3,57.904,False,45.0,0.0,0.0,55.0,BBH
S231204ak,1385711371.9,686.769,False,100.0,0.0,0.0,0.0,Glitch
S231204an,1385712972.3,277.688,False,85.0,0.0,0.0,15.0,Glitch
S231204at,1385716026.9,38.903,False,36.0,0.0,0.0,64.0,BBH
S231204az,1385719460.4,578.054,False,92.0,0.0,0.0,8.0,Glitch
S231204be,1385728222.7,169.738,False,99.0,1.0,0.0,0.0,Glitch
S231204cb,1385745117.2,123.32,False,68.0,0.0,0.0,32.0,Glitch
S231204cc,1385745793.7,699.799,False,98.0,0.0,0.0,2.0,Glitch
S231204cd,1385745956.3,175.868,False,81.0,0.0,0.0,19.0,Glitch
S231205c,1385773088.2,406.017,False,100.0,0.0,0.0,0.0,Glitch
S231205v,1385793395.5,667.517,False,97.0,0.0,0.0,3.0,Glitch
S231205x,1385794747.2,154.343,False,74.0,0.0,0.0,26.0,Glitch
S231205ac,1385807979.5,99.851,False,96.0,4.0,0.0,0.0,Glitch
S231205ah,1385812372.2,379.562,False,99.0,1.0,0.0,0.0,Glitch
S231206c,1385860007.2,210.23,False,82.0,0.0,0.0,18.0,Glitch
S231206aa,1385882218.8,234.534,False,84.0,0.0,0.0,16.0,Glitch
S231206ca,1385940712.5,0.01,True,0.0,0.0,0.0,100.0,BBH
S231206cc,1385941159.5,0.0,True,0.0,0.0,0.0,100.0,BBH
S231207f,1385947133.3,383.233,False,100.0,0.0,0.0,0.0,Glitch
S231207j,1385949718.4,482.614,False,94.0,0.0,0.0,6.0,Glitch
S231207w,1385964898.7,230.387,False,83.0,0.0,0.0,17.0,Glitch
S231207ag,1385974630.8,728.75,False,98.0,0.0,0.0,2.0,Glitch
S231212f,1386400301.9,177.185,False,64.0,0.0,0.0,36.0,Glitch
S231213ap,1386501275.9,0.02,True,0.0,0.0,0.0,100.0,BBH
S231213av,1386506813.7,499.492,False,95.0,0.0,0.0,5.0,Glitch
S231214am,1386608384.4,182.545,False,100.0,0.0,0.0,0.0,Glitch
S231214aq,1386610313.8,276.046,False,100.0,0.0,0.0,0.0,Glitch
S231214ar,1386611976.6,315.495,False,100.0,0.0,0.0,0.0,Glitch
S231215b,1386635859.5,481.16,False,96.0,0.0,2.0,3.0,Glitch
S231215i,1386642639.3,469.289,False,100.0,0.0,0.0,0.0,Glitch
S231215ai,1386700978.5,698.232,False,100.0,0.0,0.0,0.0,Glitch
S231216l,1386727436.1,669.554,False,97.0,0.0,0.0,3.0,Glitch
S231216aj,1386743508.8,63.0,False,49.0,0.0,0.0,51.0,BBH
S231216by,1386777671.1,390.073,False,93.0,0.0,0.0,7.0,Glitch
S231216cc,1386780419.4,83.36,False,99.0,0.0,1.0,0.0,Glitch
S231216ch,1386797645.2,300.416,False,100.0,0.0,0.0,0.0,Glitch
S231217f,1386811212.7,536.097,False,100.0,0.0,0.0,0.0,Glitch
S231220aa,1387092281.9,301.174,False,99.0,1.0,0.0,0.0,Glitch
S231220ae,1387097542.0,52.124,False,80.0,0.0,5.0,15.0,Glitch
S231220ah,1387103726.5,385.341,False,100.0,0.0,0.0,0.0,Glitch
S231220ay,1387128864.3,265.975,False,86.0,0.0,0.0,14.0,Glitch
S231220ba,1387130161.2,356.996,False,91.0,0.0,0.0,9.0,Glitch
S231221q,1387173136.2,621.685,False,100.0,0.0,0.0,0.0,Glitch
S231221ac,1387177770.5,201.737,False,99.0,1.0,0.0,0.0,Glitch
S231221ax,1387201859.3,83.358,False,56.0,0.0,0.0,44.0,Glitch
S231222a,1387252879.5,398.36,False,92.0,0.0,0.0,8.0,Glitch
S231222i,1387261214.7,386.521,False,73.0,0.0,0.0,27.0,Glitch
S231222aq,1387295324.7,285.007,False,100.0,0.0,0.0,0.0,Glitch
S231222ar,1387296198.0,392.698,False,100.0,0.0,0.0,0.0,Glitch
S231222bb,1387302966.2,676.085,False,97.0,0.0,0.0,3.0,Glitch
S231222bc,1387303184.1,711.959,False,100.0,0.0,0.0,0.0,Glitch
S231222bk,1387323701.6,244.002,False,85.0,0.0,0.0,15.0,Glitch
S231223j,1387337334.0,0.035,True,0.0,0.0,0.0,100.0,BBH
S231223aa,1387353073.3,252.642,False,85.0,0.0,0.0,15.0,Glitch
S231223as,1387366774.3,533.504,False,97.0,0.0,0.0,3.0,Glitch
S231223ax,1387371309.2,655.413,False,100.0,0.0,0.0,0.0,Glitch
S231223ay,1387372070.8,618.108,False,100.0,0.0,0.0,0.0,Glitch
S231223bg,1387398397.0,30.344,False,31.0,0.0,0.0,69.0,BBH
S231223bm,1387404944.0,491.586,False,94.0,0.0,0.0,6.0,Glitch
S231224e,1387421020.0,0.048,True,0.0,0.0,0.0,100.0,BBH
S231224k,1387432712.2,506.653,False,100.0,0.0,0.0,0.0,Glitch
S231224s,1387439737.4,87.187,False,99.0,1.0,0.0,0.0,Glitch
S231226r,1387596797.5,478.839,False,95.0,0.0,0.0,5.0,Glitch
S231226av,1387620938.3,0.0,True,0.0,0.0,0.0,100.0,BBH
S231226bs,1387648732.0,651.929,False,100.0,0.0,0.0,0.0,Glitch
S231226cm,1387665744.0,425.48,False,91.0,0.0,0.0,8.0,Glitch
S231227e,1387674726.0,103.341,False,99.0,0.0,1.0,0.0,Glitch
S231227i,1387677819.1,577.344,False,99.0,1.0,0.0,0.0,Glitch
S231227p,1387683297.9,81.071,False,98.0,2.0,0.0,0.0,Glitch
S231227t,1387690135.3,255.061,False,82.0,0.0,0.0,18.0,Glitch
S231227x,1387692248.2,424.813,False,95.0,0.0,2.0,3.0,Glitch
S231229b,1387862059.1,316.501,False,91.0,0.0,0.0,9.0,Glitch
S231229k,1387866415.7,236.37,False,100.0,0.0,0.0,0.0,Glitch
S231229w,1387877450.0,308.093,False,90.0,0.0,0.0,10.0,Glitch
S231229ak,1387889861.0,229.843,False,99.0,1.0,0.0,0.0,Glitch
S231229am,1387892270.7,643.751,False,97.0,0.0,0.0,3.0,Glitch
S231229bf,1387913645.4,273.275,False,100.0,0.0,0.0,0.0,Glitch
S231229bz,1387928070.2,695.405,False,100.0,0.0,0.0,0.0,Glitch
S231230u,1387945380.5,409.009,False,100.0,0.0,0.0,0.0,Glitch
S231230ab,1387952090.1,610.772,False,100.0,0.0,0.0,0.0,Glitch
S231230af,1387954886.4,672.889,False,98.0,0.0,0.0,2.0,Glitch
S231230aj,1387986971.0,580.162,False,100.0,0.0,0.0,0.0,Glitch
S231230ar,1387990895.0,241.368,False,87.0,0.0,0.0,13.0,Glitch
S231230as,1387990977.5,136.111,False,100.0,0.0,0.0,0.0,Glitch
S231230bj,1388013638.5,460.723,False,99.0,1.0,0.0,0.0,Glitch
S231231z,1388055357.7,407.924,False,93.0,0.0,0.0,7.0,Glitch
S231231af,1388059325.6,220.453,False,86.0,0.0,0.0,14.0,Glitch
S231231ag,1388072434.7,0.0,True,0.0,0.0,0.0,100.0,BBH
S231231ah,1388076176.7,189.214,False,100.0,0.0,0.0,0.0,Glitch
S231231ba,1388093409.0,688.173,False,100.0,0.0,0.0,0.0,Glitch
S231231bh,1388101520.9,415.094,False,94.0,0.0,0.0,6.0,Glitch
S240101l,1388116746.5,317.849,False,99.0,1.0,0.0,0.0,Glitch
S240101s,1388124815.0,558.152,False,96.0,0.0,0.0,4.0,Glitch
S240104ab,1388385609.6,266.017,False,66.0,0.0,0.0,34.0,Glitch
S240104ae,1388386719.6,206.583,False,100.0,0.0,0.0,0.0,Glitch
S240104ah,1388388711.6,40.899,False,99.0,1.0,0.0,0.0,Glitch
S240104ao,1388401530.4,160.446,False,99.0,0.0,1.0,0.0,Glitch
S240104bl,1388422190.6,0.0,True,0.0,0.0,0.0,100.0,BBH
S240107b,1388626353.7,1.84,True,3.0,0.0,0.0,97.0,BBH
S240109a,1388811889.8,0.232,True,1.0,0.0,0.0,99.0,BBH
S240111k,1388995832.6,585.868,False,97.0,0.0,0.0,3.0,Glitch
S240111l,1388996321.3,84.339,False,80.0,0.0,5.0,15.0,Glitch
S240111bc,1389043666.9,262.095,False,96.0,0.0,0.0,3.0,Glitch
S240111bd,1389043925.9,617.124,False,82.0,0.0,0.0,18.0,Glitch
S240112w,1389099562.7,430.083,False,100.0,0.0,0.0,0.0,Glitch
S240114b,1389261234.1,440.538,False,100.0,0.0,0.0,0.0,Glitch
S240114l,1389275788.2,523.562,False,100.0,0.0,0.0,0.0,Glitch
S240114t,1389288706.3,422.296,False,95.0,0.0,3.0,3.0,Glitch
S240114aj,1389308387.9,247.028,False,88.0,0.0,0.0,12.0,Glitch
S240115f,1389343718.5,576.746,False,97.0,0.0,0.0,3.0,Glitch
S240115q,1389353375.3,126.341,False,99.0,1.0,0.0,0.0,Glitch
S240115x,1389363679.1,127.983,False,62.0,0.0,0.0,38.0,Glitch
S240115ak,1389384501.7,721.136,False,98.0,0.0,0.0,2.0,Glitch
S240115ao,1389388120.2,106.12,False,98.0,2.0,0.0,0.0,Glitch
S240116o,1389414139.7,66.164,False,81.0,0.0,0.0,19.0,Glitch
S240116p,1389414212.2,4.306,False,29.0,0.0,0.0,71.0,BBH
S240404b,1396232400.1,39.839,False,99.0,0.0,0.0,0.0,Glitch
S240404g,1396236622.4,695.718,False,95.0,0.0,0.0,5.0,Glitch
S240404t,1396267350.9,493.416,False,89.0,0.0,0.0,11.0,Glitch
S240404al,1396273371.3,468.609,False,100.0,0.0,0.0,0.0,Glitch
S240404as,1396308667.0,351.577,False,89.0,0.0,0.0,11.0,Glitch
S240404aw,1396309880.1,35.624,False,99.0,1.0,0.0,0.0,Glitch
S240405w,1396330090.7,66.536,False,99.0,0.0,1.0,0.0,Glitch
S240405x,1396331250.1,655.128,False,100.0,0.0,0.0,0.0,Glitch
S240406c,1396400247.3,525.471,False,92.0,0.0,0.0,8.0,Glitch
S240406o,1396406609.7,271.82,False,100.0,0.0,0.0,0.0,Glitch
S240406aj,1396420145.9,0.0,True,0.0,0.0,0.0,100.0,BBH
S240406ao,1396421539.9,644.729,False,100.0,0.0,0.0,0.0,Glitch
S240406ax,1396427296.2,328.715,False,99.0,1.0,0.0,0.0,Glitch
S240406bu,1396453485.0,416.565,False,90.0,0.0,0.0,10.0,Glitch
S240406bw,1396456162.7,630.432,False,100.0,0.0,0.0,0.0,Glitch
S240406bx,1396456167.6,57.495,False,99.0,0.0,1.0,0.0,Glitch
S240407m,1396498196.4,99.375,False,5.0,0.0,0.0,95.0,BBH
S240407q,1396500429.2,389.14,False,100.0,0.0,0.0,0.0,Glitch
S240407v,1396505674.0,8.532,False,12.0,0.0,0.0,88.0,BBH
S240407ag,1396511640.1,406.821,False,100.0,0.0,0.0,0.0,Glitch
S240407aq,1396518134.8,116.455,False,100.0,0.0,0.0,0.0,Glitch
S240407as,1396518951.2,674.681,False,100.0,0.0,0.0,0.0,Glitch
S240407bq,1396537875.4,157.559,False,100.0,0.0,0.0,0.0,Glitch
S240407ch,1396553721.6,46.086,False,97.0,0.0,2.0,1.0,Glitch
S240408o,1396585413.8,155.921,False,99.0,1.0,0.0,0.0,Glitch
S240408r,1396586537.6,319.053,False,86.0,0.0,0.0,14.0,Glitch
S240408at,1396610888.8,109.615,False,98.0,0.0,1.0,0.0,Glitch
S240408bi,1396620651.8,383.443,False,99.0,0.0,0.0,0.0,Glitch
S240409f,1396658365.6,130.086,False,68.0,0.0,0.0,32.0,Glitch
S240409aa,1396674574.2,581.673,False,100.0,0.0,0.0,0.0,Glitch
S240410c,1396751466.3,119.233,False,65.0,0.0,0.0,35.0,Glitch
S240410z,1396764844.0,662.302,False,100.0,0.0,0.0,0.0,Glitch
S240410ax,1396818018.9,80.843,False,98.0,2.0,0.0,0.0,Glitch
S240411g,1396838019.6,551.889,False,96.0,0.0,0.0,4.0,Glitch
S240411j,1396838762.6,78.931,False,100.0,0.0,0.0,0.0,Glitch
S240411t,1396843853.9,352.261,False,86.0,0.0,0.0,14.0,Glitch
S240411ad,1396848369.4,669.39,False,97.0,0.0,0.0,3.0,Glitch
S240411ap,1396856518.6,142.408,False,74.0,0.0,0.0,26.0,Glitch
S240412g,1396917717.0,331.763,False,100.0,0.0,0.0,0.0,Glitch
S240412r,1396922929.2,560.729,False,91.0,0.0,0.0,9.0,Glitch
S240412ad,1396927923.0,588.243,False,100.0,0.0,0.0,0.0,Glitch
S240412ah,1396935404.6,122.633,False,99.0,0.0,1.0,0.0,Glitch
S240412bi,1396951436.3,506.509,False,91.0,0.0,0.0,9.0,Glitch
S240412bq,1396955758.4,558.66,False,91.0,0.0,0.0,9.0,Glitch
S240412cb,1396962892.1,186.302,False,100.0,0.0,0.0,0.0,Glitch
S240412ce,1396964491.5,309.214,False,100.0,0.0,0.0,0.0,Glitch
S240412cl,1396967123.6,319.083,False,100.0,0.0,0.0,0.0,Glitch
S240412cp,1396973083.5,212.68,False,75.0,0.0,0.0,25.0,Glitch
S240412dc,1396983503.1,84.995,False,100.0,0.0,0.0,0.0,Glitch
S240413d,1397004747.4,339.618,False,86.0,0.0,0.0,14.0,Glitch
S240413m,1397008178.6,705.954,False,100.0,0.0,0.0,0.0,Glitch
S240413p,1397010037.9,0.01,True,2.0,0.0,54.0,44.0,NS
S240413aa,1397020525.4,714.936,False,100.0,0.0,0.0,0.0,Glitch
S240413bh,1397035502.7,137.424,False,100.0,0.0,0.0,0.0,Glitch
S240413bt,1397042920.4,134.122,False,99.0,0.0,1.0,0.0,Glitch
S240413dv,1397079870.8,72.354,False,64.0,0.0,0.0,36.0,Glitch
S240414h,1397097207.8,435.947,False,94.0,0.0,0.0,6.0,Glitch
S240414ar,1397121391.1,152.575,False,100.0,0.0,0.0,0.0,Glitch
S240414bu,1397135816.8,680.176,False,100.0,0.0,0.0,0.0,Glitch
S240414bv,1397136100.4,367.999,False,93.0,0.0,0.0,7.0,Glitch
S240414bw,1397136205.7,595.102,False,100.0,0.0,0.0,0.0,Glitch
S240415cg,1397255385.8,230.449,False,99.0,0.0,0.0,0.0,Glitch
S240416c,1397267927.0,116.319,False,99.0,0.0,0.0,0.0,Glitch
S240416n,1397285299.7,591.679,False,100.0,0.0,0.0,0.0,Glitch
S240416v,1397301348.5,510.931,False,100.0,0.0,0.0,0.0,Glitch
S240416x,1397302795.2,426.648,False,94.0,0.0,0.0,6.0,Glitch
S240417ar,1397381499.2,156.56,False,82.0,0.0,0.0,18.0,Glitch
S240418w,1397445030.6,378.537,False,93.0,0.0,0.0,7.0,Glitch
S240418de,1397483410.3,25.785,False,98.0,0.0,2.0,0.0,Glitch
S240418es,1397518978.6,531.278,False,96.0,0.0,0.0,4.0,Glitch
S240419k,1397533666.8,659.688,False,100.0,0.0,0.0,0.0,Glitch
S240419z,1397544185.2,554.599,False,100.0,0.0,0.0,0.0,Glitch
S240419bz,1397577331.8,379.177,False,100.0,0.0,0.0,0.0,Glitch
S240419co,1397584760.7,521.002,False,92.0,0.0,0.0,8.0,Glitch
S240419cz,1397588355.4,375.301,False,100.0,0.0,0.0,0.0,Glitch
S240420c,1397608462.4,37.373,False,35.0,0.0,0.0,65.0,BBH
S240420p,1397615783.6,503.691,False,95.0,0.0,0.0,5.0,Glitch
S240420u,1397618087.8,351.574,False,100.0,0.0,0.0,0.0,Glitch
S240420ad,1397621993.3,4.634,False,7.0,0.0,0.0,93.0,BBH
S240420ai,1397622042.1,48.807,False,40.0,0.0,0.0,60.0,BBH
S240420ak,1397622052.9,220.725,False,76.0,0.0,0.0,24.0,Glitch
S240420al,1397622073.9,125.344,False,60.0,0.0,0.0,40.0,Glitch
S240420an,1397622113.3,632.389,False,94.0,0.0,0.0,6.0,Glitch
S240420ap,1397622115.4,442.244,False,90.0,0.0,0.0,10.0,Glitch
S240420at,1397622156.3,255.612,False,80.0,0.0,0.0,20.0,Glitch
S240420av,1397622178.6,162.648,False,69.0,0.0,0.0,31.0,Glitch
S240420aw,1397622183.5,0.023,True,0.0,0.0,0.0,100.0,BBH
S240420dc,1397671003.5,7.446,False,11.0,0.0,0.0,89.0,BBH
S240420do,1397679469.7,388.818,False,100.0,0.0,0.0,0.0,Glitch
S240420dt,1397682098.6,417.583,False,94.0,0.0,0.0,6.0,Glitch
S240421k,1397697420.4,208.335,False,100.0,0.0,0.0,0.0,Glitch
S240421r,1397699273.2,606.39,False,100.0,0.0,0.0,0.0,Glitch
S240421ae,1397705428.3,59.65,False,58.0,0.0,0.0,42.0,Glitch
S240421bi,1397732146.0,434.914,False,100.0,0.0,0.0,0.0,Glitch
S240421co,1397745859.4,581.517,False,93.0,0.0,0.0,7.0,Glitch
S240421dm,1397769182.5,255.322,False,100.0,0.0,0.0,0.0,Glitch
S240421ei,1397778785.4,119.867,False,84.0,0.0,8.0,7.0,Glitch
S240422bn,1397812691.3,308.005,False,99.0,1.0,0.0,0.0,Glitch
S240422bw,1397817978.5,503.483,False,100.0,0.0,0.0,0.0,Glitch
S240422dm,1397833831.9,48.833,False,99.0,1.0,0.0,0.0,Glitch
S240422ds,1397842812.2,532.78,False,100.0,0.0,0.0,0.0,Glitch
S240422ed,1397856931.4,0.0,True,0.0,0.0,100.0,0.0,NS
S240422el,1397860944.6,534.337,False,92.0,0.0,0.0,8.0,Glitch
S240422eq,1397862995.9,424.913,False,100.0,0.0,0.0,0.0,Glitch
S240423h,1397875516.0,222.905,False,77.0,0.0,0.0,23.0,Glitch
S240423br,1397904202.4,1.808,True,6.0,0.0,0.0,94.0,BBH
S240425ca,1398116078.6,391.103,False,99.0,0.0,1.0,0.0,Glitch
S240426a,1398125261.5,462.905,False,100.0,0.0,0.0,0.0,Glitch
S240426s,1398136510.0,0.24,True,2.0,0.0,0.0,98.0,BBH
S240426bs,1398157100.9,185.16,False,75.0,0.0,0.0,25.0,Glitch
S240426bz,1398161260.6,155.492,False,84.0,0.0,0.0,16.0,Glitch
S240426ci,1398167004.1,43.109,False,97.0,3.0,0.0,0.0,Glitch
S240426co,1398168779.7,325.302,False,100.0,0.0,0.0,0.0,Glitch
S240426cx,1398174792.9,284.184,False,91.0,0.0,0.0,9.0,Glitch
S240427am,1398234802.7,22.059,False,36.0,0.0,0.0,64.0,BBH
S240428bm,1398336530.0,312.895,False,92.0,0.0,0.0,8.0,Glitch
S240428ct,1398348791.7,95.42,False,59.0,0.0,0.0,41.0,Glitch
S240428dr,1398380098.1,0.0,True,0.0,0.0,0.0,100.0,BBH
S240429a,1398387610.9,312.079,False,86.0,0.0,0.0,14.0,Glitch
S240429af,1398402794.0,537.395,False,96.0,0.0,0.0,4.0,Glitch
S240429an,1398403401.6,0.09,True,98.0,2.0,0.0,0.0,Glitch
S240429ch,1398409604.1,499.952,False,100.0,0.0,0.0,0.0,Glitch
S240429dh,1398418359.2,642.425,False,97.0,0.0,0.0,3.0,Glitch
S240429ea,1398426083.0,717.515,False,96.0,0.0,0.0,4.0,Glitch
S240429gc,1398441358.5,617.801,False,94.0,0.0,0.0,6.0,Glitch
S240429gk,1398442783.1,562.751,False,94.0,0.0,0.0,6.0,Glitch
S240429ik,1398470417.8,349.719,False,88.0,0.0,0.0,12.0,Glitch
S240430g,1398475849.4,707.161,False,95.0,0.0,0.0,5.0,Glitch
S240430ca,1398504935.4,2.35,True,4.0,0.0,0.0,96.0,BBH
S240430co,1398513633.9,723.398,False,100.0,0.0,0.0,0.0,Glitch
S240430cu,1398515431.7,180.517,False,99.0,0.0,1.0,0.0,Glitch
S240501af,1398567317.4,518.493,False,93.0,0.0,0.0,7.0,Glitch
S240501an,1398569752.9,0.013,True,0.0,0.0,0.0,100.0,BBH
S240501dc,1398600211.0,314.949,False,100.0,0.0,0.0,0.0,Glitch
S240501dr,1398611458.3,354.061,False,100.0,0.0,0.0,0.0,Glitch
S240502bb,1398687697.8,317.602,False,99.0,0.0,1.0,0.0,Glitch
S240503bp,1398772062.5,548.485,False,100.0,0.0,0.0,0.0,Glitch
S240503cx,1398781537.6,441.148,False,100.0,0.0,0.0,0.0,Glitch
S240503ff,1398815006.7,402.785,False,90.0,0.0,0.0,10.0,Glitch
S240504bv,1398859587.0,310.869,False,92.0,0.0,0.0,8.0,Glitch
S240504dm,1398882255.6,566.79,False,96.0,0.0,0.0,4.0,Glitch
S240504ec,1398894350.4,129.626,False,99.0,0.0,0.0,0.0,Glitch
S240505av,1398951370.6,0.721,True,1.0,0.0,0.0,99.0,BBH
S240505bl,1398984190.6,523.149,False,100.0,0.0,0.0,0.0,Glitch
S240506n,1398995117.2,697.227,False,95.0,0.0,0.0,5.0,Glitch
S240506w,1399000126.6,326.612,False,87.0,0.0,0.0,13.0,Glitch
S240506br,1399023195.7,641.017,False,100.0,0.0,0.0,0.0,Glitch
S240506cu,1399058018.4,399.068,False,100.0,0.0,0.0,0.0,Glitch
S240507p,1399090610.4,0.02,True,0.0,0.0,0.0,100.0,BBH
S240507bt,1399114952.4,659.509,False,100.0,0.0,0.0,0.0,Glitch
S240507bv,1399115131.1,378.626,False,100.0,0.0,0.0,0.0,Glitch
S240508u,1399188974.6,697.103,False,100.0,0.0,0.0,0.0,Glitch
S240508al,1399208701.6,430.157,False,91.0,0.0,0.0,9.0,Glitch
S240509ao,1399286752.2,366.913,False,100.0,0.0,0.0,0.0,Glitch
S240511d,1399423691.3,266.396,False,91.0,0.0,0.0,9.0,Glitch
S240511i,1399432526.0,0.01,True,0.0,0.0,0.0,100.0,BBH
S240511y,1399443246.5,458.082,False,100.0,0.0,0.0,0.0,Glitch
S240511an,1399450095.1,48.18,False,99.0,0.0,0.0,0.0,Glitch
S240511bf,1399456032.9,283.82,False,84.0,0.0,0.0,16.0,Glitch
S240511cj,1399495188.9,646.202,False,95.0,0.0,0.0,5.0,Glitch
S240512r,1399516917.2,0.01,True,0.0,0.0,2.0,98.0,BBH
S240512av,1399540964.0,541.499,False,93.0,0.0,0.0,7.0,Glitch
S240512bo,1399565440.7,144.212,False,100.0,0.0,0.0,0.0,Glitch
S240513af,1399606721.4,261.819,False,100.0,0.0,0.0,0.0,Glitch
S240513an,1399609399.4,458.579,False,91.0,0.0,0.0,9.0,Glitch
S240513bj,1399617126.6,556.467,False,98.0,0.0,0.0,2.0,Glitch
S240513ck,1399628493.0,222.339,False,97.0,0.0,0.0,3.0,Glitch
S240513cx,1399637676.8,4.196,False,26.0,0.0,10.0,64.0,BBH
S240513dw,1399655636.4,490.61,False,92.0,0.0,0.0,8.0,Glitch
S240513ef,1399659252.1,138.192,False,69.0,0.0,0.0,31.0,Glitch
S240513ei,1399660400.9,0.01,True,0.0,0.0,0.0,100.0,BBH
S240513ep,1399663382.1,84.535,False,58.0,0.0,0.0,42.0,Glitch
S240513fc,1399669448.5,531.522,False,94.0,0.0,0.0,6.0,Glitch
S240514c,1399709019.0,0.303,True,1.0,0.0,0.0,99.0,BBH
S240514x,1399724251.7,0.01,True,0.0,0.0,0.0,100.0,BBH
S240514at,1399761231.7,195.549,False,100.0,0.0,0.0,0.0,Glitch
S240515m,1399769599.1,0.0,True,0.0,0.0,0.0,100.0,BBH
S240515ak,1399777447.2,306.258,False,86.0,0.0,0.0,14.0,Glitch
S240516ah,1399868150.3,169.005,False,75.0,0.0,0.0,25.0,Glitch
S240516ak,1399868397.1,251.063,False,90.0,0.0,0.0,10.0,Glitch
S240516ca,1399882614.5,91.452,False,98.0,2.0,0.0,0.0,Glitch
S240516co,1399886923.8,508.527,False,93.0,0.0,0.0,7.0,Glitch
S240516dg,1399895782.4,638.029,False,100.0,0.0,0.0,0.0,Glitch
S240516eb,1399901966.0,585.729,False,100.0,0.0,0.0,0.0,Glitch
S240518x,1400047435.1,585.185,False,100.0,0.0,0.0,0.0,Glitch
S240518am,1400054378.1,327.554,False,94.0,0.0,0.0,6.0,Glitch
S240518bb,1400066456.0,484.404,False,92.0,0.0,0.0,8.0,Glitch
S240518ca,1400087189.0,604.127,False,100.0,0.0,0.0,0.0,Glitch
S240519a,1400114198.2,271.583,False,100.0,0.0,0.0,0.0,Glitch
S240519l,1400121301.2,616.306,False,97.0,0.0,0.0,3.0,Glitch
S240520s,1400214891.4,561.998,False,96.0,0.0,0.0,4.0,Glitch
S240520ad,1400223621.8,48.885,False,42.0,0.0,0.0,58.0,BBH
S240520ar,1400232380.8,177.91,False,100.0,0.0,0.0,0.0,Glitch
S240520bf,1400238913.6,683.482,False,96.0,0.0,0.0,4.0,Glitch
S240520ca,1400245818.9,465.495,False,100.0,0.0,0.0,0.0,Glitch
S240520cv,1400276195.0,0.01,True,0.0,0.0,3.0,97.0,BBH
S240520df,1400281862.0,223.715,False,100.0,0.0,0.0,0.0,Glitch
S240520dg,1400282086.5,460.969,False,100.0,0.0,0.0,0.0,Glitch
S240521q,1400290371.4,520.318,False,100.0,0.0,0.0,0.0,Glitch
S240521t,1400290697.3,728.523,False,97.0,0.0,1.0,2.0,Glitch
S240521ac,1400310875.2,207.825,False,79.0,0.0,0.0,21.0,Glitch
S240521ax,1400316135.5,222.778,False,89.0,0.0,0.0,11.0,Glitch
S240521bq,1400320037.7,690.489,False,96.0,0.0,0.0,4.0,Glitch
S240522av,1400386792.8,619.264,False,100.0,0.0,0.0,0.0,Glitch
S240522bh,1400390560.3,649.193,False,95.0,0.0,0.0,4.0,Glitch
S240522ci,1400408494.9,666.955,False,100.0,0.0,0.0,0.0,Glitch
S240522eg,1400449823.9,131.857,False,67.0,0.0,0.0,33.0,Glitch
S240522es,1400457412.3,640.837,False,100.0,0.0,0.0,0.0,Glitch
S240523d,1400459734.6,536.335,False,96.0,0.0,0.0,4.0,Glitch
S240523t,1400467642.1,337.651,False,88.0,0.0,0.0,12.0,Glitch
S240523x,1400470656.0,562.601,False,94.0,0.0,0.0,6.0,Glitch
S240523ae,1400471837.5,248.013,False,99.0,0.0,0.0,0.0,Glitch
S240523ah,1400472916.9,452.558,False,92.0,0.0,0.0,8.0,Glitch
S240523aq,1400477581.0,641.755,False,97.0,0.0,0.0,3.0,Glitch
S240523bp,1400488123.0,177.98,False,99.0,1.0,0.0,0.0,Glitch
S240523bw,1400506955.9,240.637,False,82.0,0.0,0.0,18.0,Glitch
S240523cb,1400508805.8,645.181,False,100.0,0.0,0.0,0.0,Glitch
S240524k,1400568764.0,270.311,False,100.0,0.0,0.0,0.0,Glitch
S240525p,1400641948.6,0.529,True,1.0,0.0,0.0,99.0,BBH
S240525af,1400646927.1,493.901,False,93.0,0.0,0.0,7.0,Glitch
S240525am,1400651612.3,47.872,False,41.0,0.0,0.0,59.0,BBH
S240525as,1400655459.7,518.493,False,93.0,0.0,0.0,7.0,Glitch
S240525at,1400655527.5,682.986,False,100.0,0.0,0.0,0.0,Glitch
S240525dp,1400695396.6,494.069,False,92.0,0.0,0.0,8.0,Glitch
S240525dy,1400703422.1,6.967,False,12.0,0.0,0.0,88.0,BBH
S240526ak,1400751602.7,23.593,False,37.0,0.0,0.0,63.0,BBH
S240526ap,1400753822.6,439.894,False,91.0,0.0,0.0,9.0,Glitch
S240526aw,1400758926.3,188.334,False,87.0,0.0,0.0,13.0,Glitch
S240527as,1400825652.0,162.731,False,72.0,0.0,0.0,28.0,Glitch
S240527bj,1400833053.9,637.449,False,97.0,0.0,0.0,3.0,Glitch
S240527cb,1400841567.4,358.002,False,93.0,0.0,0.0,7.0,Glitch
S240527cc,1400841677.1,525.353,False,93.0,0.0,0.0,7.0,Glitch
S240527dh,1400857765.4,5.088,False,9.0,0.0,0.0,91.0,BBH
S240527ed,1400866430.0,267.734,False,100.0,0.0,0.0,0.0,Glitch
S240527ei,1400869014.7,728.43,False,96.0,0.0,0.0,4.0,Glitch
S240527en,1400870087.1,0.08,True,0.0,0.0,0.0,100.0,BBH
S240527fv,1400886568.4,0.45,True,1.0,0.0,0.0,99.0,BBH
S240528h,1400892658.1,586.48,False,96.0,0.0,0.0,4.0,Glitch
S240528y,1400899223.4,484.297,False,100.0,0.0,0.0,0.0,Glitch
S240529bd,1401053935.1,603.892,False,100.0,0.0,0.0,0.0,Glitch
S240530a,1401067476.0,0.03,True,0.0,0.0,0.0,99.0,BBH
S240530d,1401068893.4,687.784,False,96.0,0.0,0.0,4.0,Glitch
S240530cg,1401110818.4,538.874,False,100.0,0.0,0.0,0.0,Glitch
S240530cu,1401148032.1,265.635,False,100.0,0.0,0.0,0.0,Glitch
S240531aa,1401163424.6,5.755,False,10.0,0.0,0.0,90.0,BBH
S240531ae,1401165719.7,663.67,False,97.0,0.0,0.0,3.0,Glitch
S240531ba,1401172292.5,697.645,False,96.0,0.0,0.0,4.0,Glitch
S240531bb,1401172394.9,320.11,False,87.0,0.0,0.0,13.0,Glitch
S240531bp,1401177186.5,0.0,True,0.0,0.0,0.0,100.0,BBH
S240531bw,1401179202.7,221.468,False,99.0,1.0,0.0,0.0,Glitch
S240531cc,1401182000.6,215.076,False,100.0,0.0,0.0,0.0,Glitch
S240531cg,1401183923.2,79.377,False,68.0,0.0,0.0,32.0,Glitch
S240531cq,1401189406.3,658.314,False,97.0,0.0,0.0,3.0,Glitch
S240531dg,1401194549.3,664.951,False,95.0,0.0,0.0,5.0,Glitch
S240531dv,1401202327.0,459.085,False,95.0,0.0,0.0,5.0,Glitch
S240601ak,1401258445.8,226.388,False,80.0,0.0,0.0,20.0,Glitch
S240601ck,1401298499.3,679.498,False,97.0,0.0,0.0,3.0,Glitch
S240601co,1401318622.0,0.002,True,0.0,0.0,0.0,100.0,BBH
S240602at,1401338136.9,458.123,False,92.0,0.0,0.0,8.0,Glitch
S240602dd,1401367470.9,602.729,False,95.0,0.0,0.0,5.0,Glitch
S240602ed,1401382929.5,639.318,False,97.0,0.0,0.0,3.0,Glitch
S240603ar,1401429595.4,639.206,False,95.0,0.0,0.0,5.0,Glitch
S240603au,1401430225.8,639.141,False,95.0,0.0,0.0,5.0,Glitch
S240603cm,1401458936.6,536.422,False,94.0,0.0,0.0,6.0,Glitch
S240604x,1401518288.6,656.415,False,97.0,0.0,0.0,3.0,Glitch
S240604bw,1401540937.7,377.826,False,90.0,0.0,0.0,10.0,Glitch
S240605a,1401608434.4,204.633,False,100.0,0.0,0.0,0.0,Glitch
S240606l,1401702540.5,152.814,False,99.0,0.0,0.0,0.0,Glitch
S240609c,1401936313.8,514.549,False,100.0,0.0,0.0,0.0,Glitch
S240610e,1402051533.9,659.9,False,96.0,0.0,0.0,4.0,Glitch
S240610aq,1402069779.9,168.541,False,76.0,0.0,0.0,24.0,Glitch
S240610bp,1402094402.9,476.7,False,93.0,0.0,0.0,7.0,Glitch
S240610bs,1402094810.0,518.5,False,94.0,0.0,0.0,6.0,Glitch
S240611ek,1402142721.3,331.093,False,100.0,0.0,0.0,0.0,Glitch
S240611es,1402146040.9,113.671,False,77.0,0.0,0.0,23.0,Glitch
S240612ax,1402215358.7,212.755,False,88.0,0.0,0.0,12.0,Glitch
S240612ch,1402239326.0,703.629,False,100.0,0.0,0.0,0.0,Glitch
S240612cy,1402246896.2,164.253,False,100.0,0.0,0.0,0.0,Glitch
S240612dj,1402249839.3,280.152,False,91.0,0.0,0.0,9.0,Glitch
S240612do,1402250996.3,143.812,False,99.0,1.0,0.0,0.0,Glitch
S240612dy,1402256036.1,68.514,False,98.0,0.0,1.0,0.0,Glitch
S240612eg,1402258592.7,678.415,False,97.0,0.0,0.0,3.0,Glitch
S240613t,1402275882.9,509.98,False,94.0,0.0,0.0,6.0,Glitch
S240613z,1402276521.5,4.809,False,8.0,0.0,0.0,92.0,BBH
S240613ay,1402285994.3,486.474,False,100.0,0.0,0.0,0.0,Glitch
S240613bx,1402295029.9,67.474,False,52.0,0.0,0.0,48.0,Glitch
S240613cv,1402305318.0,353.29,False,89.0,0.0,0.0,11.0,Glitch
S240613dd,1402312255.6,481.211,False,95.0,0.0,0.0,5.0,Glitch
S240613dv,1402321123.3,304.439,False,100.0,0.0,0.0,0.0,Glitch
S240613ec,1402326983.2,457.472,False,96.0,0.0,1.0,2.0,Glitch
S240613eg,1402348583.9,677.902,False,97.0,0.0,0.0,3.0,Glitch
S240614ai,1402372177.4,63.384,False,99.0,0.0,0.0,0.0,Glitch
S240614au,1402395872.1,359.347,False,100.0,0.0,0.0,0.0,Glitch
S240614bd,1402400722.1,115.263,False,100.0,0.0,0.0,0.0,Glitch
S240614bq,1402407599.1,248.397,False,90.0,0.0,0.0,10.0,Glitch
S240614cy,1402436628.8,189.928,False,87.0,0.0,0.0,13.0,Glitch
S240615k,1402446402.1,559.654,False,95.0,0.0,0.0,5.0,Glitch
S240615aj,1402454347.9,103.928,False,64.0,0.0,0.0,36.0,Glitch
S240615bd,1402462970.4,264.678,False,100.0,0.0,0.0,0.0,Glitch
S240615be,1402463040.5,422.546,False,92.0,0.0,0.0,8.0,Glitch
S240615cu,1402479729.6,700.679,False,100.0,0.0,0.0,0.0,Glitch
S240615dg,1402486598.7,0.01,True,0.0,0.0,0.0,100.0,BBH
S240615ea,1402502873.3,0.48,True,0.0,0.0,0.0,100.0,BBH
S240615eg,1402505252.6,204.494,False,100.0,0.0,0.0,0.0,Glitch
S240616bd,1402562621.5,67.845,False,99.0,1.0,0.0,0.0,Glitch
S240616cm,1402583838.2,132.984,False,70.0,0.0,0.0,30.0,Glitch
S240616cn,1402584504.9,623.721,False,95.0,0.0,0.0,5.0,Glitch
S240616cs,1402594813.3,715.989,False,96.0,0.0,0.0,4.0,Glitch
S240616dm,1402600318.4,351.805,False,89.0,0.0,0.0,11.0,Glitch
S240616en,1402612499.3,539.36,False,96.0,0.0,0.0,4.0,Glitch
S240617o,1402631755.6,682.377,False,100.0,0.0,0.0,0.0,Glitch
S240617ao,1402648493.3,205.913,False,99.0,1.0,0.0,0.0,Glitch
S240617ct,1402691033.1,710.207,False,100.0,0.0,0.0,0.0,Glitch
S240618d,1402704738.3,633.99,False,96.0,0.0,0.0,4.0,Glitch
S240618ah,1402730205.2,2.052,True,4.0,0.0,0.0,96.0,BBH
S240619z,1402807553.5,12.272,False,26.0,0.0,0.0,74.0,BBH
S240619ab,1402807645.4,455.145,False,100.0,0.0,0.0,0.0,Glitch
S240619ar,1402813754.2,88.701,False,99.0,0.0,1.0,0.0,Glitch
S240619ch,1402834364.7,492.076,False,97.0,0.0,0.0,3.0,Glitch
S240619dd,1402867455.6,85.992,False,59.0,0.0,0.0,41.0,Glitch
S240619do,1402871776.1,566.678,False,100.0,0.0,0.0,0.0,Glitch
S240620o,1402885636.7,644.163,False,96.0,0.0,0.0,4.0,Glitch
S240620y,1402888610.1,657.86,False,100.0,0.0,0.0,0.0,Glitch
S240620bd,1402910494.2,604.907,False,96.0,0.0,0.0,4.0,Glitch
S240620bf,1402912009.7,373.915,False,94.0,0.0,0.0,6.0,Glitch
S240620bh,1402912642.3,518.134,False,100.0,0.0,0.0,0.0,Glitch
S240620bu,1402919408.7,207.405,False,88.0,0.0,0.0,12.0,Glitch
S240621w,1402971855.3,528.799,False,95.0,0.0,0.0,5.0,Glitch
S240621ay,1402980463.0,719.764,False,97.0,0.0,0.0,3.0,Glitch
S240621ca,1402990469.0,447.532,False,79.0,0.0,0.0,21.0,Glitch
S240621cf,1402999981.1,210.439,False,99.0,1.0,0.0,0.0,Glitch
S240621ch,1403001315.5,29.286,False,32.0,0.0,0.0,68.0,BBH
S240621de,1403016896.2,60.391,False,99.0,1.0,0.0,0.0,Glitch
S240621di,1403023998.4,618.832,False,100.0,0.0,0.0,0.0,Glitch
S240621dy,1403034677.4,0.0,True,0.0,0.0,0.0,100.0,BBH
S240621eb,1403035793.5,1.359,True,0.0,0.0,0.0,100.0,BBH
S240621em,1403041259.7,2.129,True,4.0,0.0,0.0,96.0,BBH
S240622h,1403052026.4,0.38,True,1.0,0.0,0.0,99.0,BBH
S240622af,1403079994.6,135.006,False,70.0,0.0,0.0,30.0,Glitch
S240622aj,1403082548.0,500.431,False,100.0,0.0,0.0,0.0,Glitch
S240622ba,1403088683.8,620.779,False,96.0,0.0,0.0,4.0,Glitch
S240622be,1403090592.7,187.958,False,79.0,0.0,0.0,21.0,Glitch
S240622bs,1403096234.1,88.552,False,59.0,0.0,0.0,41.0,Glitch
S240622cf,1403101467.6,674.053,False,97.0,0.0,0.0,3.0,Glitch
S240623n,1403145483.5,409.201,False,92.0,0.0,0.0,8.0,Glitch
S240623ak,1403169121.9,42.839,False,97.0,3.0,0.0,0.0,Glitch
S240623cw,1403212342.4,259.532,False,100.0,0.0,0.0,0.0,Glitch
S240623dg,1403219945.2,3.001,True,100.0,0.0,0.0,0.0,Glitch
S240624an,1403264147.6,391.669,False,91.0,0.0,0.0,9.0,Glitch
S240624bb,1403271824.1,320.969,False,89.0,0.0,0.0,11.0,Glitch
S240624bf,1403273227.3,408.529,False,100.0,0.0,0.0,0.0,Glitch
S240624bu,1403298418.6,458.16,False,93.0,0.0,0.0,7.0,Glitch
S240624cc,1403300340.7,679.686,False,96.0,0.0,0.0,4.0,Glitch
S240625v,1403324291.0,676.545,False,96.0,0.0,0.0,4.0,Glitch
S240625ae,1403329612.0,576.581,False,100.0,0.0,0.0,0.0,Glitch
S240625bg,1403394848.7,28.103,False,97.0,3.0,0.0,0.0,Glitch
S240626j,1403397975.7,205.743,False,99.0,1.0,0.0,0.0,Glitch
S240626r,1403400065.1,45.959,False,42.0,0.0,0.0,58.0,BBH
S240626bt,1403464099.9,327.998,False,89.0,0.0,0.0,11.0,Glitch
S240626bz,1403468534.2,290.002,False,100.0,0.0,0.0,0.0,Glitch
S240626cn,1403472795.8,33.218,False,97.0,2.0,1.0,0.0,Glitch
S240627ag,1403507427.5,513.38,False,96.0,0.0,0.0,4.0,Glitch
S240627ax,1403518064.1,233.701,False,100.0,0.0,0.0,0.0,Glitch
S240627by,1403529400.2,0.381,True,1.0,0.0,0.0,99.0,BBH
S240627co,1403557539.5,22.925,False,29.0,0.0,0.0,71.0,BBH
S240628ar,1403611485.5,319.084,False,100.0,0.0,0.0,0.0,Glitch
S240628bz,1403641776.8,327.866,False,100.0,0.0,0.0,0.0,Glitch
S240629ad,1403664691.6,675.88,False,97.0,0.0,0.0,3.0,Glitch
S240629ao,1403678502.3,571.129,False,100.0,0.0,0.0,0.0,Glitch
S240629bc,1403695315.3,242.518,False,99.0,0.0,0.0,0.0,Glitch
S240629bq,1403704665.9,543.316,False,96.0,0.0,0.0,4.0,Glitch
S240629bt,1403705322.9,725.426,False,97.0,0.0,0.0,3.0,Glitch
S240629by,1403707994.9,0.01,True,0.0,0.0,8.0,91.0,BBH
S240629cj,1403720847.4,427.391,False,100.0,0.0,0.0,0.0,Glitch
S240629cz,1403727370.7,58.112,False,47.0,0.0,0.0,53.0,BBH
S240629dd,1403733168.0,298.484,False,100.0,0.0,0.0,0.0,Glitch
S240630p,1403775599.3,35.706,False,96.0,4.0,0.0,0.0,Glitch
S240630t,1403777841.4,0.0,True,0.0,0.0,0.0,100.0,BBH
S240630ai,1403783646.8,33.145,False,34.0,0.0,0.0,66.0,BBH
S240630ay,1403792390.9,103.201,False,99.0,1.0,0.0,0.0,Glitch
S240630az,1403792424.9,95.781,False,61.0,0.0,0.0,39.0,Glitch
S240630bn,1403802088.7,405.601,False,92.0,0.0,0.0,8.0,Glitch
S240630bt,1403806032.2,504.068,False,100.0,0.0,0.0,0.0,Glitch
S240630cn,1403818195.4,407.924,False,92.0,0.0,0.0,8.0,Glitch
S240701bg,1403897609.5,403.989,False,100.0,0.0,0.0,0.0,Glitch
S240701bn,1403901505.2,13.733,False,18.0,0.0,0.0,82.0,BBH
S240701ce,1403907331.8,432.027,False,93.0,0.0,0.0,7.0,Glitch
S240703ad,1404069253.3,0.0,True,0.0,0.0,0.0,100.0,BBH
S240705at,1404192753.9,0.0,True,0.0,0.0,0.0,100.0,BBH
S240705cw,1404224302.0,86.467,False,98.0,2.0,0.0,0.0,Glitch
S240706z,1404306148.6,705.678,False,97.0,0.0,0.0,3.0,Glitch
S240706ad,1404306416.8,496.615,False,100.0,0.0,0.0,0.0,Glitch
S240707ar,1404378046.4,52.92,False,45.0,0.0,0.0,55.0,BBH
S240707cb,1404408678.5,401.558,False,91.0,0.0,0.0,9.0,Glitch
S240708r,1404438300.8,534.419,False,96.0,0.0,0.0,4.0,Glitch
S240708ae,1404443083.7,588.773,False,95.0,0.0,0.0,5.0,Glitch
S240708be,1404460622.2,377.586,False,92.0,0.0,0.0,8.0,Glitch
S240708bf,1404461470.8,65.793,False,62.0,0.0,0.0,38.0,Glitch
S240708by,1404468185.5,408.225,False,99.0,0.0,0.0,0.0,Glitch
S240708ce,1404474070.4,701.793,False,100.0,0.0,0.0,0.0,Glitch
S240708cn,1404475717.6,690.05,False,100.0,0.0,0.0,0.0,Glitch
S240708dl,1404485778.9,484.187,False,100.0,0.0,0.0,0.0,Glitch
S240708ex,1404515766.2,473.317,False,93.0,0.0,0.0,7.0,Glitch
S240709bm,1404603948.2,391.019,False,100.0,0.0,0.0,0.0,Glitch
S240710ap,1404642803.3,227.053,False,84.0,0.0,0.0,16.0,Glitch
S240710au,1404644782.2,527.712,False,100.0,0.0,0.0,0.0,Glitch
S240710bl,1404655049.0,464.897,False,95.0,0.0,0.0,5.0,Glitch
S240710bu,1404660390.3,437.057,False,93.0,0.0,0.0,7.0,Glitch
S240710cj,1404664429.8,183.984,False,99.0,1.0,0.0,0.0,Glitch
S240710dn,1404680438.1,31.716,False,35.0,0.0,0.0,65.0,BBH
S240710do,1404680453.6,612.295,False,100.0,0.0,0.0,0.0,Glitch
S240711r,1404714456.1,182.415,False,99.0,0.0,1.0,0.0,Glitch
S240711aa,1404719565.3,407.28,False,100.0,0.0,0.0,0.0,Glitch
S240713d,1404897369.2,653.299,False,100.0,0.0,0.0,0.0,Glitch
S240713e,1404899634.2,675.781,False,100.0,0.0,0.0,0.0,Glitch
S240714d,1405004016.2,140.391,False,100.0,0.0,0.0,0.0,Glitch
S240716b,1405136958.5,0.0,True,0.0,0.0,0.0,100.0,BBH
S240717t,1405256487.0,171.161,False,99.0,1.0,0.0,0.0,Glitch
S240718j,1405306986.7,171.445,False,99.0,0.0,1.0,0.0,Glitch
S240718m,1405308423.4,383.694,False,100.0,0.0,0.0,0.0,Glitch
S240721w,1405603601.2,23.814,False,92.0,8.0,0.0,0.0,Glitch
S240722f,1405677035.6,626.373,False,99.0,0.0,0.0,0.0,Glitch
S240722i,1405686593.8,85.558,False,58.0,0.0,0.0,42.0,Glitch
S240723b,1405740760.3,434.13,False,100.0,0.0,0.0,0.0,Glitch
S240725a,1405925020.5,627.196,False,100.0,0.0,0.0,0.0,Glitch
S240802d,1406644933.9,349.204,False,100.0,0.0,0.0,0.0,Glitch
S240802e,1406650411.2,457.084,False,100.0,0.0,0.0,0.0,Glitch
S240807b,1407037621.2,154.445,False,79.0,0.0,0.0,21.0,Glitch
S240807h,1407102377.2,0.001,True,0.0,0.0,0.0,100.0,BBH
S240810f,1407325190.2,475.794,False,93.0,0.0,0.0,7.0,Glitch
S240810l,1407334535.8,38.578,False,99.0,0.0,1.0,0.0,Glitch
S240810r,1407340795.7,240.983,False,83.0,0.0,0.0,17.0,Glitch
S240810u,1407344338.3,432.811,False,92.0,0.0,0.0,8.0,Glitch
S240811f,1407415579.1,111.169,False,100.0,0.0,0.0,0.0,Glitch
S240812e,1407492572.2,594.056,False,95.0,0.0,0.0,5.0,Glitch
S240813b,1407553810.7,184.781,False,81.0,0.0,0.0,19.0,Glitch
S240813c,1407555966.3,0.082,True,0.0,0.0,0.0,100.0,BBH
S240813d,1407559171.3,0.0,True,0.0,0.0,0.0,100.0,BBH
S240813e,1407571411.6,207.804,False,100.0,0.0,0.0,0.0,Glitch
S240814b,1407648434.2,436.731,False,100.0,0.0,0.0,0.0,Glitch
S240814f,1407665279.6,565.613,False,100.0,0.0,0.0,0.0,Glitch
S240814h,1407669406.2,573.648,False,95.0,0.0,0.0,5.0,Glitch
S240814l,1407682261.9,75.399,False,63.0,0.0,0.0,37.0,Glitch
S240816g,1407842510.6,636.766,False,95.0,0.0,0.0,5.0,Glitch
